Molecule_ChEMBL_ID,Standard_Value,Smiles,molecule_class
CHEMBL240055,0.3,O=C(OC1([C@H]2CCC[C@@H](c3cc(F)cc(F)c3)N2S(=O)(=O)c2ccc(Cl)cc2)CC1)N1CCC(N2CCCCC2)CC1,active
CHEMBL1091513,0.65,O=S(=O)(NC1CCC(c2cc(F)ccc2F)(S(=O)(=O)c2ccc(Cl)cc2)CC1)C(F)(F)F,active
CHEMBL4110988,0.7,CO[C@H]1CC[C@]2(CC1)Cc1ccc(C#CC(C)C)cc1[C@]21N=C(C)C(N)=N1,active
CHEMBL3898248,0.7,CO[C@H]1CC[C@]2(CC1)Cc1ccc(OCCC(F)(F)F)cc1[C@@]21N=C(C)C(N)=N1,active
CHEMBL3939963,0.8,CO[C@H]1CC[C@]2(CC1)Cc1ccc(OCCC3CC3)cc1C21N=C(C)C(N)=N1,active
CHEMBL3902640,0.8,CO[C@H]1CC[C@]2(CC1)Cc1cc(F)c(-c3cc(Cl)cc(C#N)c3)cc1[C@@]21N=C(C)C(N)=N1,active
CHEMBL3937398,0.9,CO[C@H]1CC[C@]2(CC1)Cc1ccc(OCC3CC3)cc1[C@@]21N=C(C)C(N)=N1,active
CHEMBL3672723,1.0,COc1cc(C#N)cc(-c2ccc3c(c2)C2(N=C(C)C(N)=N2)[C@]2(CC3)CC[C@@H](OC)CC2)c1,active
CHEMBL1086286,1.0,CCS(=O)(=O)NC[C@@H]1CCC[C@@]2(S(=O)(=O)c3ccc(Cl)cc3)c3c(F)ccc(F)c3OC[C@@H]12,active
CHEMBL3653726,1.0,CC#Cc1cncc(-c2ccc3c(c2)[C@@]2(N=C(C)C(N)=N2)[C@]2(CC[C@H](O)CC2)C3)c1,active
CHEMBL3927449,1.3,CO[C@H]1CC[C@]2(CC1)Cc1ccc(OCC3CCC3)cc1[C@@]21N=C(C)C(N)=N1,active
CHEMBL3943313,1.4,O=S(=O)(CC[C@@H]1OCC[C@@]2(S(=O)(=O)c3ccc(Cl)cc3)c3c(F)ccc(F)c3OCC12)CCn1cccn1,active
CHEMBL3961886,1.5,CO[C@H]1CC[C@]2(CC1)Cc1ccc(OCC3CCC3)cc1C21N=C(C)C(N)=N1,active
CHEMBL3672695,1.6,CC1=N[C@]2(N=C1N)c1cc(OCCCF)ccc1C[C@]21CC[C@@H](OC(F)F)CC1,active
CHEMBL3923244,1.6,CO[C@H]1CC[C@]2(CC1)Cc1ccc(OCC3CC3)cc1C21N=C(C)C(N)=N1,active
CHEMBL3672698,1.6,CC1=N[C@]2(N=C1N)c1cc(-c3cc(Cl)cc(C#N)c3)ccc1C[C@]21CC[C@@H](O)CC1,active
CHEMBL3893021,1.6,CO[C@H]1CC[C@]2(CC1)Cc1ccc(C#CC(C)C)cc1[C@@]21N=C(C)C(N)=N1,active
CHEMBL3956918,1.7,O=S(=O)(CC[C@@H]1OCC[C@@]2(S(=O)(=O)c3ccc(Cl)cc3)c3c(F)ccc(F)c3OCC12)Cc1ncon1,active
CHEMBL3947671,1.7,CO[C@H]1CC[C@]2(CC1)Cc1cc(F)c(-c3cc(Cl)cc(C#N)c3)cc1C21N=C(C)C(N)=N1,active
CHEMBL3934479,1.9,O=S(=O)(CC[C@@H]1OCC[C@@]2(S(=O)(=O)c3ccc(Cl)cc3)c3c(F)ccc(F)c3OCC12)Cc1ccccn1,active
CHEMBL4112651,2.0,CO[C@H]1CC[C@]2(CC1)Cc1ccc(C#CC3CCC3)cc1[C@]21N=C(C)C(N)=N1,active
CHEMBL3891777,2.1,CO[C@H]1CC[C@]2(CC1)Cc1ccc(C#CC3CCC3)cc1[C@@]21N=C(C)C(N)=N1,active
CHEMBL3905816,2.3,CO[C@H]1CC[C@]2(CC1)Cc1ccc(OCC3CC3(F)F)cc1C21N=C(C)C(N)=N1,active
CHEMBL3672728,2.4,CC#Cc1cncc(-c2ccc3c(c2)C2(N=C(C)C(N)=N2)[C@]2(CC3)CC[C@@H](OC)CC2)c1,active
CHEMBL3672687,2.4,CC1=NC2(N=C1N)c1cc(Br)ccc1C[C@]21CC[C@@H](O)CC1,active
CHEMBL239629,2.4,O=C(OC1([C@H]2CCC[C@@H](c3cc(F)cc(F)c3)N2S(=O)(=O)c2ccc(Cl)cc2)CC1)N1CCN(CCO)CC1,active
CHEMBL3899321,2.5,CO[C@H]1CC[C@]2(CC1)Cc1ccc(OCC(C)F)cc1C21N=C(C)C(N)=N1,active
CHEMBL239858,2.5,CCC[C@@H]1CCC[C@H](C2(OC(=O)N3CCC(N4CCCCC4)CC3)CC2)N1S(=O)(=O)c1ccc(Cl)cc1,active
CHEMBL3672725,2.5,CO[C@H]1CC[C@@]2(CCc3ccc(-c4cncc(Cl)c4)cc3C23N=C(C)C(N)=N3)CC1,active
CHEMBL3941787,2.8,O=c1[nH]cccc1S(=O)(=O)CC[C@@H]1OCC[C@@]2(S(=O)(=O)c3ccc(Cl)cc3)c3c(F)ccc(F)c3OCC12,active
CHEMBL400420,2.8,O=C(OC1([C@H]2CCC[C@@H](C3CC3)N2S(=O)(=O)c2ccc(Cl)cc2)CC1)N1CCC(N2CCCCC2)CC1,active
CHEMBL3915935,2.8,CO[C@H]1CC[C@]2(CC1)Cc1ccc(OCC3(C)CC3)cc1C21N=C(C)C(N)=N1,active
CHEMBL3900140,2.9,O=S(=O)(CC[C@@H]1OCC[C@@]2(S(=O)(=O)c3ccc(Cl)cc3)c3c(F)ccc(F)c3OCC12)c1ccncn1,active
CHEMBL3969309,3.0,CO[C@H]1CC[C@]2(CC1)Cc1cc(F)c(-c3cncc(Cl)c3)cc1C21N=C(C)C(N)=N1,active
CHEMBL3672730,3.1,COC1CCC2(CCc3ccc(-c4cc(Cl)cc(C#N)c4)cc3C23N=C(C)C(N)=N3)CC1,active
CHEMBL239859,3.5,CC[C@@H]1CCC[C@H](C2(OC(=O)N3CCC(N4CCCCC4)CC3)CC2)N1S(=O)(=O)c1ccc(Cl)cc1,active
CHEMBL442801,3.5,O=C(OC1([C@H]2CCC[C@@H](CC(F)(F)F)N2S(=O)(=O)c2ccc(Cl)cc2)CC1)N1CCC(N2CCCCC2)CC1,active
CHEMBL2203379,4.0,CN(C)c1ccc(-c2nc3ccc(F)nc3o2)cc1,active
CHEMBL392144,4.3,CC[C@@H]1CCC[C@H](C2(OC(=O)N3CCC(O)(CC)CC3)CC2)N1S(=O)(=O)c1ccc(Cl)cc1,active
CHEMBL3948649,4.5,O=S(=O)(CC[C@@H]1OCC[C@@]2(S(=O)(=O)c3ccc(Cl)cc3)c3c(F)ccc(F)c3OCC12)c1cccnn1,active
CHEMBL3672732,4.5,CO[C@H]1CC[C@]2(CCc3ccc(-c4cc(Cl)cc(C#N)c4)cc3C23N=C(C)C(N)=N3)CC1,active
CHEMBL3943188,4.8,CO[C@H]1CC[C@]2(CC1)Cc1cc(F)c(-c3cc(F)cc(C#N)c3)cc1C21N=C(C)C(N)=N1,active
CHEMBL199946,5.2,CCCN(CCC)C(=O)c1cccc(C(=O)N[C@@H](Cc2ccccc2)[C@@H](N)C[C@@H](C)C(=O)N[C@H](C(=O)NCc2ccccc2)C(C)C)c1,active
CHEMBL3629745,5.4,CP1(=O)OCC[C@]2(CCC[C@@]3(S(=O)(=O)c4ccc(Cl)cc4)c4c(F)ccc(F)c4OC[C@@H]23)CO1,active
CHEMBL3904071,5.5,O=S(=O)(CC[C@@H]1OCC[C@@]2(S(=O)(=O)c3ccc(Cl)cc3)c3c(F)ccc(F)c3OCC12)c1cnccn1,active
CHEMBL3957316,5.8,Cc1nc(CS(=O)(=O)CC[C@@H]2OCC[C@@]3(S(=O)(=O)c4ccc(Cl)cc4)c4c(F)ccc(F)c4OCC23)no1,active
CHEMBL3286988,6.0,COc1cc(/C=c2\sc3nc(-c4cccc(Cl)c4)cn3c2=O)cc(OC)c1O,active
CHEMBL3928118,6.4,O=S(=O)(CC[C@@H]1OCC[C@@]2(S(=O)(=O)c3ccc(Cl)cc3)c3c(F)ccc(F)c3OCC12)c1ncccn1,active
CHEMBL3961972,6.6,O=S(=O)(CC[C@@H]1OCC[C@@]2(S(=O)(=O)c3ccc(Cl)cc3)c3c(F)ccc(F)c3OCC12)Cc1cccnc1,active
CHEMBL3659993,7.0,CC(=O)CC[C@@H]1OCC[C@@]2(S(=O)(=O)c3ccc(Cl)cc3)c3c(F)ccc(F)c3OC[C@@H]12,active
CHEMBL2386721,7.0,CC1(C)OC(N)=N[C@](C)(c2nc(NC(=O)c3ncc(C#N)cc3Cl)ccc2F)C1(F)F,active
CHEMBL3286982,7.0,COc1cc(/C=c2\sc3nc(-c4ccc(Cl)cc4)cn3c2=O)cc(OC)c1O,active
CHEMBL4114267,7.0,Cc1cc(C#N)cnc1C(=O)Nc1ccc(F)c([C@@]2(C)N=C(N)OCC2(F)F)n1,active
CHEMBL3916194,7.4,CO[C@H]1CC[C@]2(CC1)Cc1cc(F)c(-c3cc(F)cc(C#N)c3)cc1[C@@]21N=C(C)C(N)=N1,active
CHEMBL392060,7.7,CC[C@@H]1CCC[C@H](C2(OC(=O)N3CC4CCC(C3)N4CCO)CC2)N1S(=O)(=O)c1ccc(Cl)cc1,active
CHEMBL2386720,8.0,C[C@]1(c2nc(NC(=O)c3ncc(C#N)cc3Cl)ccc2F)N=C(N)OCC1(F)F,active
CHEMBL2203383,8.0,Cn1ccc2cc(-c3nc4ccc(F)nc4o3)ccc21,active
CHEMBL1090210,8.0,O=S(=O)(N[C@@H]1CC[C@@]2(S(=O)(=O)c3ccc(Cl)cc3)c3c(F)ccc(F)c3OC[C@H]2C1)C1CC1,active
CHEMBL236184,8.3,CC[C@@H]1CCC[C@H](C2(OC(=O)N3CCN(C(C)(C)CO)CC3)CC2)N1S(=O)(=O)c1ccc(Cl)cc1,active
CHEMBL3891403,8.4,CO[C@H]1CC[C@]2(CC1)Cc1ccc(OCC3CC(F)(F)C3)cc1C21N=C(C)C(N)=N1,active
CHEMBL3899794,9.5,C[P@]1(=O)OC[C@]2(CCC[C@@]3(S(=O)(=O)c4ccc(Cl)cc4)c4c(F)ccc(F)c4OC[C@@H]23)CO1,active
CHEMBL3659992,10.0,CCS(=O)(=O)CC[C@@H]1CCC[C@@]2(S(=O)(=O)c3ccc(Cl)cc3)c3c(F)ccc(F)c3OC[C@@H]12,active
CHEMBL4534005,10.0,COc1cc(-c2cn(C3CCc4ccccc4N(CC(F)(F)F)C3=O)nn2)ccc1-n1ccc(C)n1,active
CHEMBL3629739,10.1,O=S(=O)(c1ccc(Cl)cc1)[C@@]12CCCC3(COC3)[C@@H]1COc1c(F)ccc(F)c12,active
CHEMBL3935559,10.2,O=S(=O)(CC[C@@H]1OCC[C@@]2(S(=O)(=O)c3ccc(Cl)cc3)c3c(F)ccc(F)c3OCC12)c1ccnnc1,active
CHEMBL2203385,10.5,Cn1ccc2cc(-c3nc4ccc(F)nc4o3)cnc21,active
CHEMBL3672720,11.0,CC1=NC2(N=C1N)c1cc(-c3cncc(Cl)c3)ccc1CCC21CC1,active
CHEMBL240070,12.0,CC[C@@H]1CCC[C@H](C2(OC(=O)N3CCN(CCO)CC3)CC2)N1S(=O)(=O)c1ccc(Cl)cc1,active
CHEMBL3937729,12.0,[C-]#[N+]c1cc(Cl)cc(-c2cc3c(cc2C)C[C@]2(CC[C@@H](OC)CC2)C32N=C(C)C(N)=N2)c1,active
CHEMBL2386724,12.0,C[C@]1(c2nc(NC(=O)c3ncc(Cl)cc3Cl)ccc2F)N=C(N)OCC1(F)F,active
CHEMBL95,12.21,Nc1c2c(nc3ccccc13)CCCC2,active
CHEMBL3909054,12.9,O=S(=O)(CC[C@@H]1OCC[C@@]2(S(=O)(=O)c3ccc(Cl)cc3)c3c(F)ccc(F)c3OCC12)c1cncnc1,active
CHEMBL236182,13.0,CC[C@@H]1CCC[C@H](C2(OC(=O)N3CCN(CCO)[C@@H](C)C3)CC2)N1S(=O)(=O)c1ccc(Cl)cc1,active
CHEMBL2386726,13.0,C[C@]1(c2nc(NC(=O)c3nn(C(F)F)cc3Cl)ccc2F)N=C(N)OCC1(F)F,active
CHEMBL2203382,13.8,Fc1ccc2nc(-c3ccc4[nH]ccc4c3)oc2n1,active
CHEMBL3629738,13.9,O=S(=O)(c1ccc(Cl)cc1)[C@@]12CCC[C@]3(CCOC3)[C@@H]1COc1c(F)ccc(F)c12,active
CHEMBL392059,14.0,CC[C@@H]1CCC[C@H](C2(OC(=O)N3CCN(CCO)C[C@@H]3C)CC2)N1S(=O)(=O)c1ccc(Cl)cc1,active
CHEMBL2386719,14.0,C[C@]1(c2nc(NC(=O)c3ccc(C#N)cn3)ccc2F)N=C(N)OCC1(F)F,active
CHEMBL240071,14.0,O=C(OC1([C@H]2CCC[C@@H](CC(F)(F)F)N2S(=O)(=O)c2ccc(Cl)cc2)CC1)N1CCN(CCO)CC1,active
CHEMBL2048305,14.0,CNc1ccc(-c2nc3ccc(OC)cc3s2)c(F)n1,active
CHEMBL1086287,14.0,O=S(=O)(NC[C@@H]1CCC[C@@]2(S(=O)(=O)c3ccc(Cl)cc3)c3c(F)ccc(F)c3OC[C@@H]12)C(F)(F)F,active
CHEMBL205907,15.0,CCC[C@H](C(N)=O)[C@@H](CC(C)C)C(=O)N[C@H]1CCCCN(Cc2cccc(Nc3ccccc3)c2)C1=O,active
CHEMBL236193,15.0,O=C(O[C@H]1CCC2CCCC1N2S(=O)(=O)c1ccc(Cl)cc1)N1CCC(N2CCCCC2)CC1,active
CHEMBL3659994,15.0,O=S(=O)(c1ccc(Cl)cc1)[C@@]12CCO[C@@H](CCC(O)CO)[C@@H]1COc1c(F)ccc(F)c12,active
CHEMBL396543,16.0,O=C(OC[C@H]1CCC[C@@H](c2ccccc2)N1S(=O)(=O)c1ccc(Cl)cc1)N1CCC(N2CCCCC2)CC1,active
CHEMBL3672702,16.0,CC[C@@H](C)Oc1ccc2c(c1)C1(N=C(C)C(N)=N1)[C@]1(CC[C@H](OC)CC1)C2,active
CHEMBL3672729,16.0,CC1=NC2(N=C1N)c1cc(-c3cc(Cl)cc(C#N)c3)ccc1CCC21CC1,active
CHEMBL3905561,16.5,COc1ccc(S(=O)(=O)CC[C@@H]2OCC[C@@]3(S(=O)(=O)c4ccc(Cl)cc4)c4c(F)ccc(F)c4OCC23)cn1,active
CHEMBL208350,17.0,CCC[C@H](C(N)=O)[C@@H](CC(C)C)C(=O)N[C@H]1CCCCN(Cc2cccc(Nc3cccc(C)c3)c2)C1=O,active
CHEMBL208504,17.0,CCC[C@H](C(N)=O)[C@@H](CC(C)C)C(=O)N[C@H]1CCCCN(Cc2cccc(Nc3ccc(F)c(Cl)c3)c2)C1=O,active
CHEMBL3913223,17.0,CC#Cc1cncc(-c2cc3c(cc2C)C[C@]2(CC[C@@H](OC)CC2)C32N=C(C)C(N)=N2)c1,active
CHEMBL240284,17.0,O=C(OC1([C@H]2CCC[C@@H](c3cc(F)cc(F)c3)N2S(=O)(=O)c2ccc(Cl)cc2)CC1)N1CC[C@@H](O)C1,active
CHEMBL236183,17.0,CC[C@@H]1CCC[C@H](C2(OC(=O)N3CCN(CCCO)CC3)CC2)N1S(=O)(=O)c1ccc(Cl)cc1,active
CHEMBL3800453,17.36,O=C(COC(=O)c1ccc(O)c(O)c1)Nc1c2c(nc3ccccc13)CCCC2,active
CHEMBL3984227,18.0,Nc1ncccc1S(=O)(=O)CC[C@@H]1OCC[C@@]2(S(=O)(=O)c3ccc(Cl)cc3)c3c(F)ccc(F)c3OCC12,active
CHEMBL3286985,18.0,COc1cc(/C=c2\sc3nc(-c4ccc(Cl)cc4)cn3c2=O)cc(O)c1O,active
CHEMBL3286984,18.0,COc1cc(/C=c2\sc3nc(-c4ccc(Cl)cc4)cn3c2=O)cc(Br)c1O,active
CHEMBL3971184,18.7,O=c1ccc(S(=O)(=O)CC[C@@H]2OCC[C@@]3(S(=O)(=O)c4ccc(Cl)cc4)c4c(F)ccc(F)c4OCC23)c[nH]1,active
CHEMBL3672726,19.0,CO[C@H]1CC[C@]2(CCc3ccc(-c4cncc(Cl)c4)cc3C23N=C(C)C(N)=N3)CC1,active
CHEMBL93124,19.0,CNc1ccc(-c2nc3ccc(O)cc3s2)cc1,active
CHEMBL1744460,19.0,[3H]C([3H])([3H])N(c1ccc(-c2nc3ccc(O)cc3s2)cn1)C([3H])([3H])[3H],active
CHEMBL4113786,19.0,C[C@]1(c2nc(NC(=O)c3ncc(C#CCO)cc3Cl)ccc2F)N=C(N)OCC1(F)F,active
CHEMBL2048309,19.0,CNc1ccc(-c2cc3cc(C(N)=O)ccc3o2)c(F)n1,active
CHEMBL236188,20.0,CC[C@@H]1CCC[C@H](C2(OC(=O)N3CCN(C(C)(C)CO)CC3)CC2)N1S(=O)(=O)c1ccc(F)c(F)c1,active
CHEMBL394132,20.0,CC[C@@H]1CCC[C@H](C2(OC(=O)N3CCC(CCO)(OC)CC3)CC2)N1S(=O)(=O)c1ccc(Cl)cc1,active
CHEMBL570378,22.0,CNc1ccc(-c2nc3ccc(O)cc3s2)cn1,active
CHEMBL3797706,22.54,COc1ccc(CC(=O)OCC(=O)Nc2c3c(nc4ccccc24)CCCC3)cc1OC,active
CHEMBL3672718,23.0,CC1=NC2(N=C1N)c1cc(-c3cc(F)cc(C#N)c3)ccc1CCC21CC1,active
CHEMBL2203378,23.1,CNc1ccc(-c2nc3ccc(F)nc3o2)cc1,active
CHEMBL3629743,23.3,O=S(=O)(N1CC[C@]2(CCC[C@@]3(S(=O)(=O)c4ccc(Cl)cc4)c4c(F)ccc(F)c4OC[C@@H]23)C1)C(F)(F)F,active
CHEMBL579205,24.0,CNc1ccc(-c2nc3ccc(O)cc3s2)cc1F,active
CHEMBL2048308,24.0,CNc1ccc(-c2cc3cc(O)ccc3o2)c(F)n1,active
CHEMBL3659995,25.0,O=C(C[C@@H]1CC[C@@]2(S(=O)(=O)c3ccc(C(F)(F)F)cc3)c3c(F)ccc(F)c3OC[C@H]2C1)NCC(F)(F)F,active
CHEMBL236186,25.0,CC[C@@H]1CCC[C@H](C2(OC(=O)N3CC4CCC(C3)N4CCO)CC2)N1S(=O)(=O)c1ccc(F)cc1,active
CHEMBL236185,25.0,CC[C@@H]1CCC[C@H](C2(OC(=O)N3CCN(C(C)(C)CO)CC3)CC2)N1S(=O)(=O)c1ccc(F)cc1,active
CHEMBL2203384,25.7,Fc1ccc2nc(-c3cnc4[nH]ccc4c3)oc2n1,active
CHEMBL3629742,26.4,O=S(=O)(c1ccc(Cl)cc1)[C@@]12CCCC3(CCSCC3)[C@@H]1COc1c(F)ccc(F)c12,active
CHEMBL240069,27.0,O=C(OC1([C@H]2CCC[C@@H](C3CC3)N2S(=O)(=O)c2ccc(Cl)cc2)CC1)N1CCN(CCO)CC1,active
CHEMBL1090209,27.0,O=S(=O)(N[C@@H]1CC[C@@]2(S(=O)(=O)c3ccc(Cl)cc3)c3c(F)ccc(F)c3OC[C@H]2C1)C(F)(F)F,active
CHEMBL2386723,27.0,C[C@]1(c2nc(NC(=O)c3ncc(C(F)(F)F)cc3Cl)ccc2F)N=C(N)OCC1(F)F,active
CHEMBL236189,27.0,CC[C@@H]1CCC[C@H](C2(OC(=O)N3CC4CCC(C3)N4CCO)CC2)N1S(=O)(=O)c1ccc(F)c(F)c1,active
CHEMBL1788111,27.0,[3H]N(c1ccc(-c2nc3ccc(O)cc3s2)cc1)C([3H])([3H])[3H],active
CHEMBL1778349,29.0,O=S(=O)(N[C@@H]1CC[C@@]2(S(=O)(=O)c3ccc(Cl)cc3)c3c(F)ccc(F)c3OC[C@@]2(O)C1)C1CC1,active
CHEMBL382880,29.0,CCC[C@H](C(N)=O)[C@@H](CC(C)C)C(=O)N[C@H]1CCCCN(Cc2cccc(Nc3ccccc3Cl)c2)C1=O,active
CHEMBL4110172,30.0,C[C@]1(c2nc(NC(=O)c3ncc(OCF)nc3N)ccc2F)N=C(N)OCC1(F)F,active
CHEMBL424684,30.0,CCC[C@H](C(N)=O)[C@@H](CC(C)C)C(=O)N[C@H]1CCCCN(Cc2cccc(Nc3ccc(C(F)(F)F)cc3)c2)C1=O,active
CHEMBL2048310,30.0,CNc1ncc(-c2cc3cc(O)ccc3o2)cc1F,active
CHEMBL2203387,30.2,Cn1ncc2cc(-c3nc4ccc(F)nc4o3)cnc21,active
CHEMBL3797363,30.74,COc1cc(C(=O)OCC(=O)Nc2c3c(nc4ccccc24)CCCC3)cc(OC)c1OC,active
CHEMBL2048311,32.0,COc1ccc2oc(-c3ccc(C(N)=O)nc3F)cc2c1,active
CHEMBL3286983,32.0,COc1cc(/C=c2\sc3nc(-c4ccc(Cl)cc4)cn3c2=O)cc(Cl)c1O,active
CHEMBL236192,32.0,O=C(OC1([C@H]2CCC[C@@H](C3CC3)N2S(=O)(=O)c2ccc(Cl)cc2)CC1)N1CCN(CCCO)CC1,active
CHEMBL3286987,32.0,COc1cc(/C=c2\sc3nc(-c4ccncc4C)cn3c2=O)cc(OC)c1O,active
CHEMBL2048314,32.0,CNc1ccc(-c2cc3cc(C(N)=O)ccc3o2)nc1F,active
CHEMBL2203288,32.5,COc1ccc(-c2nc3ccc(F)nc3o2)cc1,active
CHEMBL1084946,33.0,COc1ccc2cc(-c3ccc(C(N)=O)cn3)oc2c1,active
CHEMBL2048302,33.0,Oc1ccc2nc(-c3ccc(NCCF)nc3)sc2c1,active
CHEMBL2048300,35.0,COc1ccc2nc(-c3ccc(NCCF)nc3)oc2c1,active
CHEMBL1077208,35.0,CNc1ccc2nc(-c3ccc(C(N)=O)nc3)sc2c1,active
CHEMBL2048313,35.0,CNc1ccc(-c2cc3cc(O)ccc3o2)nc1F,active
CHEMBL2203388,35.8,Fc1ccc2nc(-c3ccc4ncsc4c3)oc2n1,active
CHEMBL3797381,37.36,COc1cc(C(=O)OCC(=O)Nc2c3c(nc4ccccc24)CCCC3)ccc1O,active
CHEMBL3799641,38.96,O=C(COC(=O)Cc1c[nH]c2ccccc12)Nc1c2c(nc3ccccc13)CCCC2,active
CHEMBL393941,39.0,CC(C)(CO)N1CCN(C(=O)OC2([C@H]3CCC[C@@H](C4CC4)N3S(=O)(=O)c3ccc(Cl)cc3)CC2)CC1,active
CHEMBL1088617,41.0,CN(C)c1ncc(-c2nc3ccc(O)cc3s2)cn1,active
CHEMBL2203381,41.8,CN(C)c1ccc(-c2nc3ccc(F)nc3o2)cn1,active
CHEMBL2048312,44.0,NC(=O)c1ccc(-c2cc3cc(O)ccc3o2)c(F)n1,active
CHEMBL2048304,44.0,CNc1ccc(-c2nc3ccc(O)cc3s2)nc1F,active
CHEMBL4115329,45.0,C[C@]1(c2nc(NC(=O)c3ncc(Cl)cc3N)ccc2F)N=C(N)OCC1(F)F,active
CHEMBL1084943,45.0,CNc1ccc(-c2cc3ccc(O)cc3o2)cn1,active
CHEMBL236190,45.0,CC[C@@H]1CCC[C@H](C2(OC(=O)N3CCC(N4CCCCC4)CC3)CC2)N1S(=O)(=O)c1ccc(F)c(F)c1,active
CHEMBL3798857,45.29,O=C(COC(=O)Cc1ccc(O)cc1)Nc1c2c(nc3ccccc13)CCCC2,active
CHEMBL2203389,45.3,Fc1ccc2nc(-c3ccc4cc[nH]c4c3)oc2n1,active
CHEMBL3799950,45.88,COc1cc(/C=C/C(=O)OCC(=O)Nc2c3c(nc4ccccc24)CCCC3)cc(OC)c1OC,active
CHEMBL398395,46.0,O=C(OC1([C@H]2CCC[C@@H](C3CC3)N2S(=O)(=O)c2ccc(Cl)cc2)CC1)N1CC[C@@H](O)C1,active
CHEMBL3798813,46.12,COc1ccc(/C=C/C(=O)OCC(=O)Nc2c3c(nc4ccccc24)CCCC3)cc1O,active
CHEMBL2203386,47.0,CN1CCc2cc(-c3nc4ccc(F)nc4o3)cnc21,active
CHEMBL240285,47.0,CCC[C@@H]1CCC[C@H](C2(OC(=O)N3CC[C@@H](O)C3)CC2)N1S(=O)(=O)c1ccc(Cl)cc1,active
CHEMBL2203390,48.7,Cn1ncc2cc(-c3nc4ccc(F)nc4o3)ccc21,active
CHEMBL2386722,49.0,COCC[C@]1(c2nc(NC(=O)c3ncc(C#N)cc3C)ccc2F)N=C(N)OCC1(F)F,active
CHEMBL3800317,49.14,COc1ccc(/C=C/C(=O)OCC(=O)Nc2c3c(nc4ccccc24)CCCC3)cc1OC,active
CHEMBL3799175,51.77,O=C(COC(=O)/C=C/c1ccc(Cl)cc1)Nc1c2c(nc3ccccc13)CCCC2,active
CHEMBL3799558,51.81,COc1ccc(CC(=O)OCC(=O)Nc2c3c(nc4ccccc24)CCCC3)c(OC)c1OC,active
CHEMBL410532,54.0,CCC[C@H](C(N)=O)[C@@H](CC(C)C)C(=O)N[C@H]1CCCCN(Cc2cccc(Nc3cccc(OC)c3)c2)C1=O,active
CHEMBL1085076,54.0,O=S(=O)(NC[C@@H]1CCC[C@@]2(S(=O)(=O)c3ccc(C(F)(F)F)cc3)c3c(F)ccc(F)c3OC[C@@H]12)C(F)(F)F,active
CHEMBL3798989,55.86,COc1cc(OC)cc(C(=O)OCC(=O)Nc2c3c(nc4ccccc24)CCCC3)c1,active
CHEMBL3959097,56.0,CO[C@H]1CC[C@]2(CC1)Cc1ccc(OCCC(F)(F)F)cc1C21N=C(C)C(N)=N1,active
CHEMBL240286,56.0,CC[C@@H]1CCC[C@H](C2(OC(=O)N3CC[C@@H](O)C3)CC2)N1S(=O)(=O)c1ccc(Cl)cc1,active
CHEMBL429449,57.0,CC(C)(CO)N1CCN(C(=O)O[C@H]2CCC3CCCC2N3S(=O)(=O)c2ccc(Cl)cc2)CC1,active
CHEMBL4111699,57.0,C[C@]1(c2nc(NC(=O)c3ncc(OCF)cc3Cl)ccc2F)N=C(N)OCC1(F)F,active
CHEMBL3629741,57.7,O=S1(=O)CCC2(CCC[C@@]3(S(=O)(=O)c4ccc(Cl)cc4)c4c(F)ccc(F)c4OC[C@@H]23)CC1,active
CHEMBL1744459,58.0,[3H]N(c1ccc(-c2nc3ccc(OC)cc3s2)cn1)C([3H])([3H])[3H],active
CHEMBL1788121,58.0,[3H]N(c1ccc(-c2nc3ccc(O)cc3s2)cn1)C([3H])([3H])[3H],active
CHEMBL4111183,58.0,CC(F)(F)c1cnc(C(=O)Nc2ccc(F)c([C@@]3(C)N=C(N)OCC3(F)F)n2)c(Cl)c1,active
CHEMBL1084945,60.0,COc1ccc2cc(-c3ccc(C(N)=O)nc3)oc2c1,active
CHEMBL231248,60.0,O=C(OCCCC1CCc2ccccc2N1S(=O)(=O)c1ccc(Cl)cc1)N1CCC(N2CCCCC2)CC1,active
CHEMBL4475538,60.0,CN1c2ccccc2Sc2cc(/C=C3/SC(=S)N(CC(=O)OCC4COC(C)(C)O4)C3=O)ccc21,active
CHEMBL4112705,60.0,C[C@]1(c2nc(NC(=O)c3ncc(C(F)F)nc3N)ccc2F)N=C(N)OCC1(F)F,active
CHEMBL4107314,62.0,C[C@]1(c2nc(NC(=O)c3ncc(C#CCO)cc3N)ccc2F)N=C(N)OCC1(F)F,active
CHEMBL3799703,65.5,COc1ccc(C(=O)OCC(=O)Nc2c3c(nc4ccccc24)CCCC3)c(OC)c1OC,active
CHEMBL2048303,66.0,Oc1ccc2nc(-c3ccc(NCCCF)nc3)sc2c1,active
CHEMBL1084944,66.0,CNc1ccc(-c2cc3ccc(OC)cc3o2)cn1,active
CHEMBL4112589,66.0,C[C@]1(c2nc(NC(=O)c3ncc(C(F)F)cc3N)ccc2F)N=C(N)OCC1(F)F,active
CHEMBL3629737,66.6,CC1(C)OCC2(CCC[C@@]3(S(=O)(=O)c4ccc(Cl)cc4)c4c(F)ccc(F)c4OC[C@@H]23)CO1,active
CHEMBL3403819,68.0,CCO[C@@H]([C@H]1C[C@@H](C)[C@H]2[C@H](O1)[C@H](O)[C@@]1(C)[C@@H]3CC[C@H]4C(C)(C)[C@@H](O[C@H]5CN(C6CN(CCOC)C6)CCO5)CC[C@@]45C[C@@]35CC[C@]21C)C(C)(C)O,active
CHEMBL4110497,70.0,COCCc1cnc(C(=O)Nc2ccc(F)c([C@@]3(C)N=C(N)OCC3(F)F)n2)c(N)n1,active
CHEMBL524141,70.0,COc1ccc2cc(/C=C/c3ccc(N(C)C)cc3)oc2c1,active
CHEMBL3797646,71.28,COc1ccc(CC(=O)OCC(=O)Nc2c3c(nc4ccccc24)CCCC3)cc1,active
CHEMBL231250,73.0,O=C(OCC1CCc2ccccc2N1S(=O)(=O)c1ccc(Cl)cc1)N1CCC(N2CCCCC2)CC1,active
CHEMBL1082546,74.0,CNc1ccc(-c2nc3cc(O)ccc3s2)cn1,active
CHEMBL208230,74.0,CCC[C@H](C(N)=O)[C@@H](CC(C)C)C(=O)N[C@H]1CCCCN(Cc2cccc(NN3CCCCC3)c2)C1=O,active
CHEMBL1744464,75.0,[3H]C([3H])([3H])N(c1ncc(-c2nc3ccc(O)cc3o2)cn1)C([3H])([3H])[3H],active
CHEMBL3797623,77.45,O=C(COC(=O)Cc1ccc(Cl)cc1)Nc1c2c(nc3ccccc13)CCCC2,active
CHEMBL3672721,78.0,CO[C@H]1CC[C@@]2(CCc3ccc(Br)cc3C23N=C(C)C(N)=N3)CC1,active
CHEMBL3942223,79.0,C[P@]1(=O)OC[C@]2(CCC[C@@]3(S(=O)(=O)c4ccc(C(F)(F)F)cc4)c4c(F)ccc(F)c4OC[C@@H]23)CO1,active
CHEMBL523824,80.0,CNc1ccc(/C=C/c2cc3cc(OC)ccc3o2)cc1,active
CHEMBL3672724,80.0,COc1cc(C#N)cc(-c2ccc3c(c2)C2(N=C(C)C(N)=N2)[C@]2(CC3)CC[C@H](OC)CC2)c1,active
CHEMBL1082545,81.0,COc1ccc2nc(-c3ccc(N(C)C)nc3)sc2c1,active
CHEMBL236191,81.0,CC[C@@H]1CCC[C@H](C2(OC(=O)N3CCN(C(C)(C)CO)CC3)CC2)N1S(=O)(=O)c1cc(F)cc(F)c1,active
CHEMBL3672727,81.0,CC#Cc1cncc(-c2ccc3c(c2)C2(N=C(C)C(N)=N2)[C@]2(CC3)CC[C@H](OC)CC2)c1,active
CHEMBL4107875,81.0,COCC#Cc1cnc(C(=O)Nc2ccc(F)c([C@@]3(C)N=C(N)OCC3(F)F)n2)c(Cl)c1,active
CHEMBL4111654,82.0,COc1cnc(C(=O)Nc2ccc(F)c([C@@]3(C)N=C(N)OCC3(F)F)n2)c(C)c1,active
CHEMBL1744463,85.0,[3H]C([3H])([3H])N(c1ccc(-c2nc3ccc(O)cc3o2)cn1)C([3H])([3H])[3H],active
CHEMBL1087548,85.0,CNc1ccc(-c2nc3ccc(C(N)=O)cc3s2)cn1,active
CHEMBL3403826,86.0,CCO[C@@H]([C@H]1C[C@@H](C)[C@H]2[C@H](O1)[C@H](O)[C@@]1(C)[C@@H]3CC[C@H]4C(C)(C)[C@@H](O[C@H]5CN(CC6CN(CC(C)(C)O)C6)CCO5)CC[C@@]45C[C@@]35CC[C@]21C)C(C)(C)O,active
CHEMBL231544,86.0,O=C(NCCCn1ccnc1)OCCCC1CCc2ccccc2N1S(=O)(=O)c1ccc(Cl)cc1,active
CHEMBL3403825,86.0,CCO[C@@H]([C@H]1C[C@@H](C)[C@H]2[C@H](O1)[C@H](O)[C@@]1(C)[C@@H]3CC[C@H]4C(C)(C)[C@@H](O[C@H]5CN(CC6CN(CCOC)C6)CCO5)CC[C@@]45C[C@@]35CC[C@]21C)C(C)(C)O,active
CHEMBL4109969,88.0,C[C@]1(c2nc(NC(=O)c3ncc(F)cc3N)ccc2F)N=C(N)OCC1(F)F,active
CHEMBL4106556,88.0,C[C@]1(c2nc(NC(=O)c3ncccc3Cl)ccc2F)N=C(N)OCC1(F)F,active
CHEMBL2207069,91.0,CCO[C@@H]([C@H]1C[C@@H](C)[C@H]2[C@H](O1)[C@H](O)[C@@]1(C)[C@@H]3CC[C@H]4C(C)(C)[C@@H](O[C@H]5CNCCO5)CC[C@@]45C[C@@]35CC[C@]21C)C(C)(C)O,active
CHEMBL3672731,92.0,CO[C@H]1CC[C@@]2(CCc3ccc(-c4cc(Cl)cc(C#N)c4)cc3C23N=C(C)C(N)=N3)CC1,active
CHEMBL3286981,93.0,COc1cc(/C=c2\sc3nc(-c4ccncc4)cn3c2=O)cc(OC)c1O,active
CHEMBL3672688,96.0,CC1=N[C@@]2(N=C1N)c1cc(Br)ccc1C[C@]21CC[C@@H](O)CC1,active
CHEMBL2048307,98.0,CNc1ncc(-c2nc3ccc(O)cc3s2)cc1F,active
CHEMBL2206993,100.0,CCO[C@@H]([C@H]1C[C@@H](C)[C@H]2[C@H](O1)[C@H](O)[C@@]1(C)[C@@H]3CC[C@H]4C(C)(C)[C@@H](O[C@H]5CN(C6CNC6)CCO5)CC[C@@]45C[C@@]35CC[C@]21C)C(C)(C)O,active
CHEMBL2206994,100.0,CCO[C@@H]([C@H]1C[C@@H](C)[C@H]2[C@H](O1)[C@H](O)[C@@]1(C)[C@@H]3CC[C@H]4C(C)(C)[C@@H](O[C@H]5CN(C6CN(C)C6)CCO5)CC[C@@]45C[C@@]35CC[C@]21C)C(C)(C)O,active
CHEMBL245688,100.0,COc1cc(/C=C/c2cc(Br)cc(/C=C/c3ccc(O)c(OC)c3)c2)ccc1O,active
CHEMBL177126,100.0,O=C(/C=C/c1ccc(O)c(O)c1)O[C@H]1[C@H](O)C[C@](O)(C(=O)O)C[C@H]1OC(=O)/C=C/c1ccc(O)c(O)c1,active
CHEMBL3667035,100.0,COc1cc(/C=C/C(=O)CC(=O)/C=C/c2cncc(C(F)(F)F)c2)ccc1O,active
CHEMBL2203380,102.0,CNc1ccc(-c2nc3ccc(F)nc3o2)cn1,active
CHEMBL236196,104.0,CCC1(O)CCN(C(=O)O[C@H]2CCC3CCCC2N3S(=O)(=O)c2ccc(Cl)cc2)CC1,active
CHEMBL3403816,110.0,CCO[C@@H]([C@H]1C[C@@H](C)[C@H]2[C@H](O1)[C@H](O)[C@@]1(C)[C@@H]3CC[C@H]4C(C)(C)[C@@H](O[C@H]5CN(C6CN(C(C)C)C6)CCO5)CC[C@@]45C[C@@]35CC[C@]21C)C(C)(C)O,active
CHEMBL2207050,110.0,CCO[C@@H]([C@H]1C[C@@H](C)[C@H]2[C@H](O1)[C@H](O)[C@@]1(C)[C@@H]3CC[C@H]4C(C)(C)[C@@H](O[C@H]5CN(CCN6CCC6)CCO5)CC[C@@]45C[C@@]35CC[C@]21C)C(C)(C)O,active
CHEMBL3403822,110.0,CCO[C@@H]([C@H]1C[C@@H](C)[C@H]2[C@H](O1)[C@H](O)[C@@]1(C)[C@@H]3CC[C@H]4C(C)(C)[C@@H](O[C@H]5CN(CC6CN(C(C)C)C6)CCO5)CC[C@@]45C[C@@]35CC[C@]21C)C(C)(C)O,active
CHEMBL236187,115.0,CC[C@@H]1CCC[C@H](C2(OC(=O)N3CCC(N4CCCCC4)CC3)CC2)N1S(=O)(=O)c1ccc(F)cc1,active
CHEMBL3672719,118.0,CC1=NC2(N=C1N)c1cc(-c3cc(F)cc(F)c3)ccc1CCC21CC1,active
CHEMBL231449,120.0,O=C(OC[C@H]1CC[C@@H](c2ccccc2)N1S(=O)(=O)c1ccc(Cl)cc1)N1CCN(C2CCCCC2)CC1,active
CHEMBL3403827,120.0,CCO[C@@H]([C@H]1C[C@@H](C)[C@H]2[C@H](O1)[C@H](O)[C@@]1(C)[C@@H]3CC[C@H]4C(C)(C)[C@@H](O[C@H]5CN(CC6CN(CCO)C6)CCO5)CC[C@@]45C[C@@]35CC[C@]21C)C(C)(C)O,active
CHEMBL3403820,120.0,CCO[C@@H]([C@H]1C[C@@H](C)[C@H]2[C@H](O1)[C@H](O)[C@@]1(C)[C@@H]3CC[C@H]4C(C)(C)[C@@H](O[C@H]5CN(C6CN(CC(C)(C)O)C6)CCO5)CC[C@@]45C[C@@]35CC[C@]21C)C(C)(C)O,active
CHEMBL3403817,120.0,CCO[C@@H]([C@H]1C[C@@H](C)[C@H]2[C@H](O1)[C@H](O)[C@@]1(C)[C@@H]3CC[C@H]4C(C)(C)[C@@H](O[C@H]5CN(C6CN(C7CCC7)C6)CCO5)CC[C@@]45C[C@@]35CC[C@]21C)C(C)(C)O,active
CHEMBL3286989,123.0,COc1cc(/C=c2\sc3nc(-c4cccc(C(F)(F)F)c4)cn3c2=O)cc(Cl)c1O,active
CHEMBL2048306,124.0,CNc1ccc(-c2nc3ccc(O)cc3s2)c(F)n1,active
CHEMBL509088,130.0,Cc1ccc2oc(/C=C/c3ccc(N(C)C)cc3)cc2c1,active
CHEMBL3403818,130.0,CCO[C@@H]([C@H]1C[C@@H](C)[C@H]2[C@H](O1)[C@H](O)[C@@]1(C)[C@@H]3CC[C@H]4C(C)(C)[C@@H](O[C@H]5CN(C6CN(C7COC7)C6)CCO5)CC[C@@]45C[C@@]35CC[C@]21C)C(C)(C)O,active
CHEMBL3639383,130.0,COc1cc(/C=C/C(=O)CC(=O)/C=C/c2ccc(O)c(C(F)(F)F)c2)ccc1O,active
CHEMBL3609637,131.0,COc1cc(-c2cn(C3CCc4c(F)cccc4N(CC(F)(F)F)C3=O)nn2)ccc1-n1cnc(C)c1,active
CHEMBL1083207,137.0,CN(C)c1ccc(-c2nc3cc(O)ccc3o2)cn1,active
CHEMBL181529,138.0,COc1cc(/C=C/c2cc(/C=C/c3ccc(O)c(OC)c3)on2)ccc1O,active
CHEMBL231547,140.0,O=C(NC1CCN(Cc2ccccc2)CC1)OC[C@H]1CC[C@@H](c2ccccc2)N1S(=O)(=O)c1ccc(Cl)cc1,active
CHEMBL3667032,140.0,COC(=O)COc1ccc(/C=C/C(=O)CC(=O)/C=C/c2ccc(O)c(OC)c2)cc1OC,active
CHEMBL3403815,140.0,CCO[C@@H]([C@H]1C[C@@H](C)[C@H]2[C@H](O1)[C@H](O)[C@@]1(C)[C@@H]3CC[C@H]4C(C)(C)[C@@H](O[C@H]5CN(CC6CN(C)C6)CCO5)CC[C@@]45C[C@@]35CC[C@]21C)C(C)(C)O,active
CHEMBL3667027,140.0,CCOC(=O)C(C(=O)/C=C/c1ccc(O)c(OC(F)(F)F)c1)C(=O)/C=C/c1ccc(O)c(OC(F)(F)F)c1,active
CHEMBL4110279,140.0,C[C@]1(c2nc(NC(=O)c3ncc(C(F)(F)F)nc3N)ccc2F)N=C(N)OCC1(F)F,active
CHEMBL429448,144.0,CC[C@@H]1CCC[C@H](C2(OC(=O)N3CCC(N4CCCCC4)CC3)CC2)N1S(=O)(=O)c1cc(F)cc(F)c1,active
CHEMBL205970,152.0,CCC[C@H](C(N)=O)[C@@H](CC(C)C)C(=O)N[C@H]1CCCCN(Cc2cccc(Nc3ccc4c(c3)OCO4)c2)C1=O,active
CHEMBL2048299,158.0,Oc1ccc2nc(-c3ccc(NCCF)nc3)oc2c1,active
CHEMBL489792,160.0,COc1ccc2oc(/C=C/c3ccc(N(C)C)c(OC)c3)cc2c1,active
CHEMBL274414,160.0,CCC[C@H](C(N)=O)[C@@H](CC(C)C)C(=O)N[C@H]1CCCCN(Cc2cccc(Nc3ccc(OC)cc3)c2)C1=O,active
CHEMBL491203,160.0,CN(C)c1ccc(/C=C/c2cc3cc(O)ccc3o2)cc1,active
CHEMBL524114,170.0,CN(C)c1ccc(/C=C/c2cc3cc(I)ccc3o2)cc1,active
CHEMBL3403824,170.0,CCO[C@@H]([C@H]1C[C@@H](C)[C@H]2[C@H](O1)[C@H](O)[C@@]1(C)[C@@H]3CC[C@H]4C(C)(C)[C@@H](O[C@H]5CN(CC6CN(C7COC7)C6)CCO5)CC[C@@]45C[C@@]35CC[C@]21C)C(C)(C)O,active
CHEMBL2206995,170.0,CCO[C@@H]([C@H]1C[C@@H](C)[C@H]2[C@H](O1)[C@H](O)[C@@]1(C)[C@@H]3CC[C@H]4C(C)(C)[C@@H](O[C@H]5CN(C(=O)C(C)C)CCO5)CC[C@@]45C[C@@]35CC[C@]21C)C(C)(C)O,active
CHEMBL3672708,176.0,COC1CCC2(CC1)Cc1cc(F)c(Br)cc1C21N=C(C)C(N)=N1,active
CHEMBL231548,180.0,O=C(OC[C@H]1CC[C@@H](c2ccccc2)N1S(=O)(=O)c1ccc(Cl)cc1)N1CCC(N2CCCCC2)CC1,active
CHEMBL81379,180.0,CC1=C(/C=C/C(C)=C/C=C/C(C)=C/C=O)C(C)(C)CCC1,active
CHEMBL986,180.0,CC1=C(/C=C/C(C)=C/C=C/C(C)=C/CO)C(C)(C)CCC1,active
CHEMBL38,180.0,CC1=C(/C=C/C(C)=C/C=C/C(C)=C/C(=O)O)C(C)(C)CCC1,active
CHEMBL200077,180.0,CCCN(CCC)C(=O)c1cccc(C(=O)N[C@@H](Cc2ccccc2)[C@@H](N)C[C@@H](C)C(=O)Nc2ccc(F)cc2)c1,active
CHEMBL4110655,180.0,C[C@]1(c2nc(NC(=O)c3nccnc3N)ccc2F)N=C(N)OCC1(F)F,active
CHEMBL231545,180.0,O=C(OCCCC1CCc2ccccc2N1S(=O)(=O)c1ccc(Cl)cc1)N1CCN(C2CCCCC2)CC1,active
CHEMBL4787961,180.0,CC1=C(/C=C/C(C)=C/C=C/C(C)=C/C=C/C=C(C)/C=C/C=C(C)/C=C/C2=C(C)CCCC2(C)C)CCCC1,active
CHEMBL1744461,182.0,[3H]N(c1ccc(-c2nc3ccc(O)cc3o2)cn1)C([3H])([3H])[3H],active
CHEMBL1082889,185.0,CNc1ccc(-c2nc3ccc(OC)cc3o2)cn1,active
CHEMBL238271,190.0,CCCC1(O)CCN(C(=O)OC2([C@H]3CCC[C@@H](CC)N3S(=O)(=O)c3ccc(Cl)cc3)CC2)C1,active
CHEMBL390889,190.0,O=C(NC1CCN(Cc2ccccc2)CC1)OCCCC1CCc2ccccc2N1S(=O)(=O)c1ccc(Cl)cc1,active
CHEMBL289556,199.53,O=C(N[C@H]1CCS[C@H]2CCC[C@@H](C(=O)O)N2C1=O)[C@@H](S)Cc1ccccc1,active
CHEMBL446870,200.0,CN(C)c1ccc(/C=C/c2cc3cc(Cl)ccc3o2)cc1,active
CHEMBL204357,200.0,CCC[C@H](C(=O)NO)[C@@H](CC(C)C)C(=O)N[C@H]1CCCCN(Cc2cccc(Oc3ccccc3)c2)C1=O,active
CHEMBL1744462,204.0,[3H]C([3H])([3H])N(c1ccc(-c2nc3ccc(OC)cc3o2)cn1)C([3H])([3H])[3H],active
CHEMBL3667019,210.0,O=C(/C=C/c1ccc(O)c(OC(F)(F)F)c1)CC(=O)/C=C/c1ccc(O)c(OC(F)(F)F)c1,active
CHEMBL3403823,210.0,CCO[C@@H]([C@H]1C[C@@H](C)[C@H]2[C@H](O1)[C@H](O)[C@@]1(C)[C@@H]3CC[C@H]4C(C)(C)[C@@H](O[C@H]5CN(CC6CN(C7CCC7)C6)CCO5)CC[C@@]45C[C@@]35CC[C@]21C)C(C)(C)O,active
CHEMBL2207043,210.0,CCO[C@@H]([C@H]1C[C@@H](C)[C@H]2[C@H](O1)[C@H](O)[C@@]1(C)[C@@H]3CC[C@H]4C(C)(C)[C@@H](O[C@H]5CN(CC)CCO5)CC[C@@]45C[C@@]35CC[C@]21C)C(C)(C)O,active
CHEMBL3672699,216.0,CC1=N[C@@]2(N=C1N)c1cc(-c3cc(Cl)cc(C#N)c3)ccc1C[C@]21CC[C@@H](O)CC1,active
CHEMBL231447,220.0,CN1CCCC1CCNC(=O)OCCCC1CCc2ccccc2N1S(=O)(=O)c1ccc(Cl)cc1,active
CHEMBL3629740,228.0,O=C1OCC[C@]12CCC[C@@]1(S(=O)(=O)c3ccc(Cl)cc3)c3c(F)ccc(F)c3OC[C@@H]21,active
CHEMBL2207042,250.0,CCO[C@@H]([C@H]1C[C@@H](C)[C@H]2[C@H](O1)[C@H](O)[C@@]1(C)[C@@H]3CC[C@H]4C(C)(C)[C@@H](O[C@H]5CN(C)CCO5)CC[C@@]45C[C@@]35CC[C@]21C)C(C)(C)O,active
CHEMBL2206986,250.0,CCO[C@@H]([C@H]1C[C@@H](C)[C@H]2[C@H](O1)[C@H](O)[C@@]1(C)[C@@H]3CC[C@H]4C(C)(C)[C@@H](O[C@H]5CN(CC(=O)N6CCC6)CCO5)CC[C@@]45C[C@@]35CC[C@]21C)C(C)(C)O,active
CHEMBL4115141,250.0,C[C@]1(c2nc(NC(=O)c3ncc(OCC(F)F)cc3Cl)ccc2F)N=C(N)OCC1(F)F,active
CHEMBL1077196,267.0,CNc1ncc(-c2nc3ccc(O)cc3s2)cn1,active
CHEMBL2207044,270.0,CCO[C@@H]([C@H]1C[C@@H](C)[C@H]2[C@H](O1)[C@H](O)[C@@]1(C)[C@@H]3CC[C@H]4C(C)(C)[C@@H](O[C@H]5CN(CCOC)CCO5)CC[C@@]45C[C@@]35CC[C@]21C)C(C)(C)O,active
CHEMBL2207065,270.0,CCO[C@@H]([C@H]1C[C@@H](C)[C@H]2[C@H](O1)[C@H](O)[C@@]1(C)[C@@H]3CC[C@H]4C(C)(C)[C@@H](O[C@H]5CN(C6COC6)CCO5)CC[C@@]45C[C@@]35CC[C@]21C)C(C)(C)O,active
CHEMBL4082825,270.0,Oc1nc(NCc2ccccc2)c2ccccc2n1,active
CHEMBL389549,280.0,O=C(NCCCn1ccnc1)OCCC1CCc2ccccc2N1S(=O)(=O)c1ccc(Cl)cc1,active
CHEMBL499997,300.0,O=C(/C=C/c1ccc(O)c(O)c1)O[C@@H]1C[C@](O)(C(=O)O)C[C@@H](OC(=O)/C=C/c2ccc(O)c(O)c2)[C@H]1OC(=O)/C=C/c1ccc(O)c(O)c1,active
CHEMBL248132,300.0,COc1ccc(/C=C/c2cccc(/C=C/c3ccc(OC)c(N)c3)c2)cc1N,active
CHEMBL3667037,300.0,N#CCCC(C(=O)/C=C/c1ccc(O)c(OC(F)(F)F)c1)C(=O)/C=C/c1ccc(O)c(OC(F)(F)F)c1,active
CHEMBL3667023,310.0,COC(=O)CCCC(C(=O)/C=C/c1ccc(O)c(OC(F)(F)F)c1)C(=O)/C=C/c1ccc(O)c(OC(F)(F)F)c1,active
CHEMBL4111103,310.0,CC(F)(F)c1cnc(C(=O)Nc2ccc(F)c([C@@]3(C)N=C(N)OCC3(F)F)n2)c(N)n1,active
CHEMBL4114995,310.0,C[C@]1(c2nc(NC(=O)c3ncc(OCCCF)nc3N)ccc2F)N=C(N)OCC1(F)F,active
CHEMBL3667033,310.0,COc1cc(/C=C/C(=O)CC(=O)/C=C/c2ccc(OCC(=O)O)c(OC)c2)ccc1O,active
CHEMBL3667038,320.0,CC(C(=O)/C=C/c1ccc(O)c(OC(F)(F)F)c1)C(=O)/C=C/c1ccc(O)c(OC(F)(F)F)c1,active
CHEMBL395312,360.0,O=C(OCCC1CCc2ccccc2N1S(=O)(=O)c1ccc(Cl)cc1)N1CCC(N2CCCCC2)CC1,active
CHEMBL3667036,360.0,COC(=O)CCC(C(=O)/C=C/c1ccc(O)c(C(F)(F)F)c1)C(=O)/C=C/c1ccc(O)c(C(F)(F)F)c1,active
CHEMBL3330751,380.0,COc1ccc(-c2cc3c(s2)c2sc(-c4ccc(C=O)s4)cc2n3C(C)(C)C)cc1,active
CHEMBL4108431,380.0,COCC[C@]1(c2nc(NC(=O)c3ncc(C(F)(F)F)cc3Cl)ccc2F)N=C(N)OCC1(F)F,active
CHEMBL3667024,380.0,CCOC(=O)CCC(C(=O)/C=C/c1ccc(O)c(OC(F)(F)F)c1)C(=O)/C=C/c1ccc(O)c(OC(F)(F)F)c1,active
CHEMBL2048301,395.0,Oc1ccc2nc(-c3ccc(NCCCF)nc3)oc2c1,active
CHEMBL3905228,397.0,C[P@]1(=O)OC[C@@]2(CCC[C@@]3(S(=O)(=O)c4ccc(C(F)(F)F)cc4)c4c(F)ccc(F)c4OC[C@@H]23)CO1,active
CHEMBL2206992,400.0,CCO[C@@H]([C@H]1C[C@@H](C)[C@H]2[C@H](O1)[C@H](O)[C@@]1(C)[C@@H]3CC[C@H]4C(C)(C)[C@@H](O[C@H]5CN(C6(C)COC6)CCO5)CC[C@@]45C[C@@]35CC[C@]21C)C(C)(C)O,active
CHEMBL3330737,410.0,N#C/C(=C\c1ccc(-c2ccc(-c3ccc(N(c4ccccc4)c4ccccc4)cc3)s2)s1)C(=O)O,active
CHEMBL3950384,420.0,COc1cc(/C=C/C(=O)CC(=O)/C=C/c2ccc3cc[nH]c3c2)ccc1O,active
CHEMBL3936795,421.0,C[P@]1(=O)OC[C@@]2(CCC[C@@]3(S(=O)(=O)c4ccc(Cl)cc4)c4c(F)ccc(F)c4OC[C@@H]23)CO1,active
CHEMBL2386725,440.0,C[C@]1(c2nc(NC(=O)c3ncc(OCC(F)F)nc3N)ccc2F)N=C(N)OCC1(F)F,active
CHEMBL3667020,440.0,COC(=O)CCC(C(=O)/C=C/c1ccc(O)c(OC(F)(F)F)c1)C(=O)/C=C/c1ccc(O)c(OC(F)(F)F)c1,active
CHEMBL4109860,450.0,CCOc1cnc(C(=O)Nc2ccc(F)c([C@@]3(C)N=C(N)OCC3(F)F)n2)c(Cl)c1,active
CHEMBL396542,450.0,CN1CCN(C(=O)OC[C@H]2CC[C@@H](c3ccccc3)N2S(=O)(=O)c2ccc(Cl)cc2)CC1,active
CHEMBL489979,470.0,CN(C)c1ccc(/C=C/c2cc3cc(Br)ccc3o2)cc1,active
CHEMBL3948937,470.0,COc1cc(OCc2ccccn2)ccc1/C=C/C(=O)CC(=O)/C=C/c1ccc2cc[nH]c2c1,active
CHEMBL4108335,480.0,C[C@]1(c2nc(NC(=O)c3ncc(OCCF)nc3N)ccc2F)N=C(N)OCC1(F)F,active
CHEMBL405110,500.0,CN(C)c1ccc2nc3ccc(=[N+](C)C)cc-3sc2c1.[Cl-],active
CHEMBL3667030,500.0,CN(C)C(=O)CCC(C(=O)/C=C/c1ccc(O)c(OC(F)(F)F)c1)C(=O)/C=C/c1ccc(O)c(OC(F)(F)F)c1,active
CHEMBL248327,500.0,CNc1cc(/C=C/c2cccc(/C=C/c3ccc(O)c(NC)c3)n2)ccc1O,active
CHEMBL3667029,500.0,COCOCCCC(C(=O)/C=C/c1ccc(O)c(OC(F)(F)F)c1)C(=O)/C=C/c1ccc(O)c(OC(F)(F)F)c1,active
CHEMBL247674,500.0,CNc1ccc(/C=C/c2cccc(/C=C/c3ccc(NC)c(OC)c3)n2)cc1OC,active
CHEMBL3911126,520.0,COc1cc(O)ccc1/C=C/C(=O)CC(=O)/C=C/c1ccc2cc[nH]c2c1,active
CHEMBL3667022,520.0,COC(=O)CC(C(=O)/C=C/c1ccc(O)c(OC(F)(F)F)c1)C(=O)/C=C/c1ccc(O)c(OC(F)(F)F)c1,active
CHEMBL231446,530.0,CN1CCCC1CCNC(=O)OCCC1CCc2ccccc2N1S(=O)(=O)c1ccc(Cl)cc1,active
CHEMBL521929,530.0,COc1ccc2cc(/C=C/c3ccc(N(C)C)c(OC)c3)oc2c1,active
CHEMBL231448,540.0,O=C(OC[C@H]1CC[C@@H](c2ccccc2)N1S(=O)(=O)c1ccc(Cl)cc1)N1CCN(CCO)CC1,active
CHEMBL4110143,540.0,COCC#Cc1cnc(C(=O)Nc2ccc(F)c([C@@]3(C)N=C(N)OCC3(F)F)n2)c(N)c1,active
CHEMBL3330753,550.0,COc1ccc(-c2cc3c(s2)c2sc(-c4ccc(/C=C(\C#N)C(N)=O)s4)cc2n3C(C)(C)C)cc1,active
CHEMBL191083,550.0,CN(C)c1ccc2nc3ccc(=[N+](C)C)cc-3sc2c1,active
CHEMBL3667028,560.0,COC(=O)CCC(C(=O)/C=C/c1ccc([O-])c(OC(F)(F)F)c1)C(=O)/C=C/c1ccc([O-])c(OC(F)(F)F)c1.[Na+].[Na+],active
CHEMBL3922663,590.0,COc1cc(/C=C/C(=O)CC(=O)/C=C/c2ccc3ccccc3c2)ccc1O,active
CHEMBL392878,600.0,COc1ccc(/C=C/c2cccc(/C=C/c3ccc(OC)c(N)c3)n2)cc1N,active
CHEMBL395313,600.0,CN1CCCC1CCNC(=O)OC[C@H]1CC[C@@H](c2ccccc2)N1S(=O)(=O)c1ccc(Cl)cc1,active
CHEMBL247930,600.0,COc1cc(/C=C/c2cccc(/C=C/c3ccc(N)c(OC)c3)c2)ccc1N,active
CHEMBL81880,600.0,CN(C)c1ccc2cc3ccc(N(C)C)cc3nc2c1,active
CHEMBL4108635,600.0,C[C@]1(c2nc(NC(=O)c3ncc(OCC(F)(F)F)nc3N)ccc2F)N=C(N)OCC1(F)F,active
CHEMBL247931,600.0,CNc1ccc(/C=C/c2cccc(/C=C/c3ccc(NC)c(OC)c3)c2)cc1OC,active
CHEMBL3965306,610.0,COc1ccc(/C=C/C(=O)CC(=O)/C=C/c2ccc3cc[nH]c3c2)c(OC)c1,active
CHEMBL231351,650.0,O=C(NCCCn1ccnc1)OC[C@H]1CC[C@@H](c2ccccc2)N1S(=O)(=O)c1ccc(Cl)cc1,active
CHEMBL3667039,650.0,COC(=O)CCC(C(=O)/C=C/c1ccc(O)c(OC(F)(F)F)c1)C(=O)/C=C/c1ccco1,active
CHEMBL3667025,650.0,CC(C)(C)OC(=O)CCC(C(=O)/C=C/c1ccc(O)c(OC(F)(F)F)c1)C(=O)/C=C/c1ccc(O)c(OC(F)(F)F)c1,active
CHEMBL3945110,678.0,CO[C@H]1CC[C@]2(CC1)Cc1ccc(C#CC(C)C)cc1C21N=C(C)C(N)=N1,active
CHEMBL230931,680.0,O=C(OCCCC1CCc2ccccc2N1S(=O)(=O)c1ccc(Cl)cc1)N1CCN(CCO)CC1,active
CHEMBL3667031,700.0,O=C(/C=C/c1ccc(O)c(OC(F)(F)F)c1)C(CCOCCO)C(=O)/C=C/c1ccc(O)c(OC(F)(F)F)c1,active
CHEMBL248131,700.0,CN(C)c1ccc(/C=C/c2cccc(/C=C/c3ccc(N(C)C)c(O)c3)c2)cc1O,active
CHEMBL2179243,700.0,O=S(=O)(Nc1ccc(N2CCCCC2)cc1)c1cc(Cl)sc1Cl,active
CHEMBL247524,700.0,COc1cc(/C=C/c2cccc(/C=C/c3ccc(N)c(OC)c3)n2)ccc1N,active
CHEMBL202507,740.0,CCCN(CCC)C(=O)c1cccc(C(=O)N[C@@H](CC(C)C)[C@@H](N)C[C@@H](C)C(=O)N[C@H](C(=O)NCc2ccccc2)C(C)C)c1,active
CHEMBL3981143,760.0,COc1cc(/C=C/C(=O)CC(=O)/C=C/c2ccco2)ccc1O,active
CHEMBL231125,780.0,CN1CCN(C(=O)OCCCC2CCc3ccccc3N2S(=O)(=O)c2ccc(Cl)cc2)CC1,active
CHEMBL4091385,790.0,c1ccc(CCNc2nc(NC3CC3)nc3ccccc23)cc1,active
CHEMBL3692696,800.0,O=C(Cc1ccc(C(F)(F)F)cc1)Nc1ccc2c(c1)C[C@H]1CC[C@@H](C2)[C@H]1NS(=O)(=O)c1ccc(Cl)s1,active
CHEMBL3593282,800.0,CCCOc1ccc2c(c1)N(CC)/C(=C/C=C/c1sc3ccccc3[n+]1CC)S2.[I-],active
CHEMBL2059212,800.0,COc1nc(/C=C/c2ccc(N(C)C)c(O)c2)cc(/C=C/c2ccc(N(C)C)c(O)c2)n1,active
CHEMBL489994,800.0,CNc1ccc(/C=C/c2cc3ccc(OC)cc3o2)cc1,active
CHEMBL247328,800.0,COc1cc(/C=C/c2cccc(/C=C/c3ccc(O)c(OC)c3)n2)ccc1O,active
CHEMBL391205,800.0,COc1cc(/C=C/c2cccc(/C=C/c3ccc(N(C)C)c(OC)c3)n2)ccc1N(C)C,active
CHEMBL492217,810.0,COc1ccc2oc(/C=C/c3ccc(N(C)C)cc3)cc2c1,active
CHEMBL492024,820.0,COc1ccc2oc(/C=C/c3ccc(N)cc3)cc2c1,active
CHEMBL4111029,840.0,CCOc1cnc(C(=O)Nc2ccc(F)c([C@@]3(C)N=C(N)OCC3(F)F)n2)c(N)n1,active
CHEMBL425304,880.0,O=C(OCCC1CCc2ccccc2N1S(=O)(=O)c1ccc(Cl)cc1)N1CCN(CCO)CC1,active
CHEMBL231647,900.0,O=C(NC1CCN(Cc2ccccc2)CC1)OCCC1CCc2ccccc2N1S(=O)(=O)c1ccc(Cl)cc1,active
CHEMBL247927,900.0,CN(C)c1ccc(/C=C/c2cccc(/C=C/c3ccc(N(C)C)c(O)c3)n2)cc1O,active
CHEMBL2179242,900.0,O=C(Nc1ccccc1)Nc1ccc(Cl)cc1[N+](=O)[O-],active
CHEMBL247725,900.0,CNc1ccc(/C=C/c2cccc(/C=C/c3ccc(NC)c(O)c3)n2)cc1O,active
CHEMBL394713,900.0,COc1ccc(/C=C/c2cccc(/C=C/c3ccc(OC)c(N(C)C)c3)n2)cc1N(C)C,active
CHEMBL3672401,920.0,COc1cc(/C=C/C(=O)CC(=O)/C=C/c2ccc(O)cc2OC)ccc1O,active
CHEMBL3672436,930.0,COc1ccc(/C=C/C(=O)CC(=O)/C=C/c2ccc(O)c(OC)c2)c(O)c1,active
CHEMBL4113193,986.0,CO[C@H]1CC[C@]2(CC1)Cc1cc(F)c(-c3cc(Cl)cc(C#N)c3)cc1[C@]21N=C(C)C(N)=N1,active
CHEMBL231035,1000.0,O=C(OCCC1CCc2ccccc2N1S(=O)(=O)c1ccc(Cl)cc1)N1CCN(C2CCCCC2)CC1,active
CHEMBL2337291,1000.0,Oc1ccc(-c2ccc(O)c(O)c2)cc1O,active
CHEMBL4070380,1000.0,NC(=O)Nc1nc(NCCc2ccccc2)c2ccccc2n1,active
CHEMBL2203391,1000.0,Cn1ccc2cc(-c3nc4ccc(F)nc4o3)ncc21,active
CHEMBL3330750,1000.0,COc1ccc(-c2ccc(-c3ccc(C=C(C#N)C#N)s3)s2)cc1,active
CHEMBL2203392,1000.0,Cn1cnc2cc(-c3nc4ccc(F)nc4o3)ccc21,active
CHEMBL3692695,1000.0,O=C(Nc1ccc2c(c1)C[C@H]1CC[C@@H](C2)[C@H]1NS(=O)(=O)c1ccc(Cl)s1)c1ccc(C(F)(F)F)cc1,active
CHEMBL247932,1000.0,COc1cc(/C=C/c2cccc(/C=C/c3ccc(N(C)C)c(OC)c3)c2)ccc1N(C)C,active
CHEMBL3902027,10000.0,COCC[C@@]1(c2nc(NC(=O)c3ncc(C#N)cc3C)ccc2F)N=C(N)OCC1(F)F,inactive
CHEMBL3286986,10000.0,COc1cc(/C=c2\sc3nc(-c4ccncc4C)cn3c2=O)ccc1O,inactive
CHEMBL3286990,10000.0,COc1cc(/C=c2\sc3nc(-c4cccc(OC(F)(F)F)c4)cn3c2=O)cc(F)c1O,inactive
CHEMBL4227244,10000.0,c1ccc(-c2cc(CNCCN3CCCCC3)cc(CNCCN3CCCCC3)c2)c(CN2CCOCC2)c1,inactive
CHEMBL3330752,10000.0,COc1ccc(-c2cc3c(s2)c2sc(-c4ccc(C=C(C#N)C#N)s4)cc2n3C(C)(C)C)cc1,inactive
CHEMBL3330741,10000.0,O=C1NC(=O)C(=Cc2ccc(-c3ccc(-c4ccc(N(c5ccccc5)c5ccccc5)cc4)s3)s2)C(=O)N1,inactive
CHEMBL4225842,10000.0,CN(C)Cc1ccccc1Nc1cc(C(=O)NCCN2CCCCC2)cc(C(=O)NCCN2CCCCC2)c1,inactive
CHEMBL3889997,10000.0,COc1cc(/C=C/C(=O)CC(=O)/C=C/c2cccnc2)ccc1O,inactive
CHEMBL3330754,10000.0,O=Cc1ccc(-c2ccc(-c3ccc4[nH]ccc4c3)s2)s1,inactive
CHEMBL4226959,10000.0,CN1CCN(Cc2ccccc2Nc2cc(CNCCN3CCCCC3)cc(CNCCN3CCCCC3)c2)CC1,inactive
CHEMBL3330745,10000.0,N#C/C(=C\c1ccc(-c2ccc(-c3ccc(N(c4ccccc4)c4ccccc4)cc3)c3nsnc23)s1)C(N)=O,inactive
CHEMBL3330738,10000.0,N#CC(C#N)=Cc1ccc(-c2ccc(-c3ccc(N(c4ccccc4)c4ccccc4)cc3)s2)s1,inactive
CHEMBL3330742,10000.0,CN1C(=O)C(=Cc2ccc(-c3ccc(-c4ccc(N(c5ccccc5)c5ccccc5)cc4)s3)s2)C(=O)N(C)C1=O,inactive
CHEMBL4226684,10000.0,O=C(NCCN1CCCCC1)c1cc(Nc2ccccc2CN2CCOCC2)cc(C(=O)NCCN2CCCCC2)c1,inactive
CHEMBL3330743,10000.0,O=Cc1ccc(-c2ccc(-c3ccc(N(c4ccccc4)c4ccccc4)cc3)c3nsnc23)s1,inactive
CHEMBL3330749,10000.0,COc1ccc(-c2ccc(-c3ccc(C=O)s3)s2)cc1,inactive
CHEMBL3330747,10000.0,CC(C)(C)n1c2cc(-c3ccc(N(c4ccccc4)c4ccccc4)cc3)sc2c2sc(-c3ccc(C=C(C#N)C#N)s3)cc21,inactive
CHEMBL4226332,10000.0,CN(C)Cc1ccccc1Nc1cc(CNCCN2CCCCC2)cc(CNCCN2CCCCC2)c1,inactive
CHEMBL3330746,10000.0,CC(C)(C)n1c2cc(-c3ccc(N(c4ccccc4)c4ccccc4)cc3)sc2c2sc(-c3ccc(C=O)s3)cc21,inactive
CHEMBL4226530,10000.0,CN1CCN(Cc2ccccc2-c2cc(CNCCN3CCCCC3)cc(CNCCN3CCCCC3)c2)CC1,inactive
CHEMBL4226598,10000.0,CN1CCN(Cc2ccccc2-c2cc(C(=O)NCCN3CCCCC3)cc(C(=O)NCCN3CCCCC3)c2)CC1,inactive
CHEMBL75183,10000.0,CC12CC[C@@H](C1)C(C)(C)[C@@H]2NS(=O)(=O)c1ccc(Br)cc1,inactive
CHEMBL3330748,10000.0,CC(C)(C)n1c2cc(-c3ccc(N(c4ccccc4)c4ccccc4)cc3)sc2c2sc(-c3ccc(/C=C(\C#N)C(N)=O)s3)cc21,inactive
CHEMBL4227708,10000.0,c1ccc(-c2cc(CNCCN3CCCCC3)cc(CNCCN3CCCCC3)c2)c(CN2CCCCC2)c1,inactive
CHEMBL4227963,10000.0,CN(C)Cc1ccccc1-c1cc(CNCCN2CCCCC2)cc(CNCCN2CCCCC2)c1,inactive
CHEMBL3330744,10000.0,N#CC(C#N)=Cc1ccc(-c2ccc(-c3ccc(N(c4ccccc4)c4ccccc4)cc3)c3nsnc23)s1,inactive
CHEMBL4226641,10000.0,CN(C)Cc1ccccc1-c1cc(C(=O)NCCN2CCCCC2)cc(C(=O)NCCN2CCCCC2)c1,inactive
CHEMBL4435800,10000.0,CCOc1nc(CC)c(CNC(=O)[C@@H](S)CC(C)C)n1Cc1ccc(-c2ccccc2C(=O)O)cc1F,inactive
CHEMBL4226906,10000.0,O=C(NCCN1CCCCC1)c1cc(C(=O)NCCN2CCCCC2)cc(-c2ccccc2CN2CCOCC2)c1,inactive
CHEMBL4225384,10000.0,CN1CCN(Cc2ccccc2Nc2cc(C(=O)NCCN3CCCCC3)cc(C(=O)NCCN3CCCCC3)c2)CC1,inactive
CHEMBL1208903,10100.0,COc1ccc(-c2cc(=O)c3c(O)cc(O)c(-c4cc(-c5cc(=O)c6c(O)cc(O)cc6o5)ccc4OC)c3o2)cc1,inactive
CHEMBL3582130,10100.0,C[C@@]12c3ccc4c(c3C(=O)c3occ(c31)[C@@H](O)C[C@@H]2O)CCC4=O,inactive
CHEMBL2408264,10100.0,COc1ccc(C(=O)/C=C/c2ccc(C(=O)Nc3ccccc3O)cc2)c(O)c1,inactive
CHEMBL3818053,10110.0,O=C1C(=Cc2ccc(N3CCN(c4ncccn4)CC3)cc2)C(=O)c2ccccc21,inactive
CHEMBL258752,10200.0,COc1ccc(C(=O)/C=C/c2cc(OC)c(OC)cc2OC)c(O)c1,inactive
CHEMBL3814965,10200.0,CC(C)Nc1nc(N)nc2ccccc12,inactive
CHEMBL2402157,10220.0,Oc1cc(O)cc(/C=C/c2ccc(NCc3ccccc3O)cc2)c1,inactive
CHEMBL2402075,10320.0,COc1cc(/C=C/c2ccc(NCc3cc(NCC(C)C)ccc3O)cc2)cc(OC)c1,inactive
CHEMBL138623,10400.0,CCN(CC)Cc1cccc(Nc2ccnc3cc(Cl)ccc23)c1,inactive
CHEMBL4100806,10400.0,COc1ccc(CCNc2nc(O)nc3ccccc23)cc1OC,inactive
CHEMBL4176742,10430.0,Cc1cc(N2CCN(c3nc(Cl)nc(Nc4cccc(C(F)(F)F)c4)n3)CC2)n2ncnc2n1,inactive
CHEMBL2408092,10500.0,CCOCCOc1cccc(/C=C/C(=O)c2ccc(OC)cc2O)c1,inactive
CHEMBL3751854,10600.0,COc1ccc(CC(=O)Nc2nc(-c3ccccc3)cs2)cc1,inactive
CHEMBL2402163,10660.0,CN(C)c1ccc(/C=C/c2ccc(NCc3cc(N(C)C)ccc3O)cc2)cc1,inactive
CHEMBL4074006,10720.0,O=c1cc(/C=C/c2ccc(O)cc2)[nH]cc1O,inactive
CHEMBL3913721,10900.0,COc1cc2c(cc1OC)C(=O)/C(=C/c1ccc(N3CCN(C(=O)c4ccoc4)CC3)cc1)C2,inactive
CHEMBL2408091,10900.0,COc1ccc(C(=O)/C=C/c2ccc(OCCCOc3ccccc3)c(OC)c2)c(O)c1,inactive
CHEMBL74874,11000.0,CC12CC[C@@H](C1)C(C)(C)[C@@H]2NS(=O)(=O)c1ccc(Cl)cc1,inactive
CHEMBL197140,11000.0,CC1(C)CC(Oc2ccc(-c3ccc(C4(C(=O)O)CC4)cc3F)cc2)CC(C)(C)C1,inactive
CHEMBL4096595,11200.0,Oc1nc(NCCc2ccccc2)c2ccccc2n1,inactive
CHEMBL167970,11200.0,Oc1c(CN2CCCC2)cc(Nc2ccnc3cc(Cl)ccc23)cc1CN1CCCC1,inactive
CHEMBL4227890,11440.0,O=C(/C=C/c1ccc(F)cc1)N1CCN(Cc2ccc(O)c3ncccc23)CC1,inactive
CHEMBL2436692,11500.0,O=c1ccoc2cc(OCCCN3CCN(CCCNc4c5c(nc6ccccc46)CCCC5)CC3)ccc12,inactive
CHEMBL4172159,11550.0,COc1ccc(Nc2nc(Cl)nc(N3CCN(c4cc(C)nc5ncnn45)CC3)n2)cc1,inactive
CHEMBL3819454,11750.0,O=C1C(=Cc2ccc(N3CCN(C(c4ccccc4)c4ccccc4)CC3)cc2)C(=O)c2ccccc21,inactive
CHEMBL117804,11900.0,c1ccc(CCNc2ncnc3ccccc23)cc1,inactive
CHEMBL4092601,12000.0,COc1ccc(CCNc2ncnc3ccccc23)cc1OC,inactive
CHEMBL2402162,12200.0,COc1ccc(/C=C/c2ccc(NCc3cc(N(C)C)ccc3O)cc2)cc1,inactive
CHEMBL3944195,12200.0,COc1cc2c(cc1OC)C(=O)/C(=C/c1ccc(N3CCN(C(c4ccccc4)c4ccccc4)CC3)cc1)C2,inactive
CHEMBL4638539,12300.0,COc1c(O)c(O)c(-c2c(C)c(C/C=C(\C)CC/C=C(\C)CCC=C(C)C)c(OC)c(O)c2O)c(C)c1C/C=C(\C)CC/C=C(\C)CCC=C(C)C,inactive
CHEMBL4086825,12480.0,COc1ccccc1/C=C/c1cc(=O)c(O)cn1C,inactive
CHEMBL2408095,12500.0,COc1ccc(C(=O)/C=C/c2cc(Br)c(OCc3ccccc3)c(OC)c2)c(O)c1,inactive
CHEMBL4175715,12500.0,C=CCOC(=S)/C=C/c1ccc(O)c(O)c1,inactive
CHEMBL4776150,12530.0,Oc1cc(CN(Cc2ccccn2)Cc2ccccn2)cc(C[P+](c2ccccc2)(c2ccccc2)c2ccccc2)c1.[Br-],inactive
CHEMBL2436691,12600.0,COc1cc(OCCCN2CCN(CCCNc3c4c(nc5ccccc35)CCCC4)CC2)cc2occc(=O)c12,inactive
CHEMBL4588767,12600.0,OB1Oc2ccc3ccccc3c2C=C1c1cc(O)cc(O)c1,inactive
CHEMBL76,12800.0,CCN(CC)CCCC(C)Nc1ccnc2cc(Cl)ccc12,inactive
CHEMBL2436696,12800.0,O=c1cc(-c2ccccc2)oc2cc(OCCCCCN3CCN(CCNc4c5c(nc6ccccc46)CCCC5)CC3)ccc12,inactive
CHEMBL3348861,12800.0,O=C1c2c(O)cc(O)cc2O[C@H](c2cc(O)c(O)c(O)c2)[C@H]1O,inactive
CHEMBL4449738,13000.0,COc1cc2oc(-c3ccc(O)cc3)cc(=O)c2c(O)c1-c1c(O)cc(O)c2c(=O)cc(-c3ccc(O)cc3)oc12,inactive
CHEMBL4753795,13000.0,COc1cc2nc3ccccc3c(Nc3ccc(C(=O)NO)cc3)c2c(OC)c1OC,inactive
CHEMBL3814159,13000.0,CNc1cccc(NCCc2cccc(NCc3ccccn3)n2)n1,inactive
CHEMBL4087140,13000.0,COc1ccc(CCNc2nc(Cl)nc3ccccc23)cc1OC,inactive
CHEMBL2402074,13070.0,CCCNc1ccc(O)c(CNc2ccc(/C=C/c3cc(OC)cc(OC)c3)cc2)c1,inactive
CHEMBL2436701,13200.0,O=c1cc(-c2ccccc2)oc2cc(OCCCCCN3CCN(CCCNc4c5c(nc6ccccc46)CCCC5)CC3)ccc12,inactive
CHEMBL377324,13200.0,COc1cc(O)c2c(=O)cc(-c3ccc(OC)c(-c4c(O)cc(O)c5c(=O)cc(-c6ccc(O)cc6)oc45)c3)oc2c1,inactive
CHEMBL2408265,13300.0,COc1ccc(C(=O)/C=C/c2ccc(C(=O)Nc3cc([N+](=O)[O-])ccc3O)cc2)c(O)c1,inactive
CHEMBL4081013,13300.0,NC(=O)Nc1nc(NCc2ccccc2)c2ccccc2n1,inactive
CHEMBL3327246,13400.0,COc1ccc2oc(=O)c(C(=O)NCCCCCCCNc3c4c(nc5ccccc35)CCCC4)cc2c1,inactive
CHEMBL549959,13400.0,C[C@@]12c3ccc4c(c3C(=O)c3occ(c31)C(=O)C[C@H]2O)CCC4=O,inactive
CHEMBL4168812,13400.0,Cc1cc(N2CCN(c3nc(Cl)nc(Nc4ccccc4F)n3)CC2)n2ncnc2n1,inactive
CHEMBL3814191,13400.0,Nc1nc(NCc2cccc(Cl)c2)nc2ccccc12,inactive
CHEMBL2436702,13500.0,O=c1cc(-c2ccccc2)oc2cc(OCCCCCCN3CCN(CCCNc4c5c(nc6ccccc46)CCCC5)CC3)ccc12,inactive
CHEMBL2436694,13700.0,O=c1cc(-c2ccccc2)oc2cc(OCCCN3CCN(CCNc4c5c(nc6ccccc46)CCCC5)CC3)ccc12,inactive
CHEMBL451753,13800.0,CCN(CC)Cc1cc(NCCN2CCCCC2)cc(Nc2ccnc3cc(Cl)ccc23)c1,inactive
CHEMBL3815150,13800.0,Nc1nc(NCc2cccc(C(F)(F)F)c2)nc2ccccc12,inactive
CHEMBL2436710,14100.0,O=c1cc(-c2ccc([N+](=O)[O-])cc2)oc2cc(OCCCN3CCN(CCCNc4c5c(nc6ccccc46)CCCC5)CC3)ccc12,inactive
CHEMBL2402161,14160.0,CN(C)c1ccccc1CNc1ccc(/C=C/c2cc(O)cc(O)c2)cc1,inactive
CHEMBL2436697,14200.0,O=c1cc(-c2ccccc2)oc2cc(OCCCCCCN3CCN(CCNc4c5c(nc6ccccc46)CCCC5)CC3)ccc12,inactive
CHEMBL4099046,14400.0,COc1ccc(CCNc2nc(NC(N)=O)nc3ccccc23)cc1OC,inactive
CHEMBL3742091,14500.0,CC1=NN(c2ccc(-c3cccnc3)cc2)C(=O)C1,inactive
CHEMBL2408098,14600.0,COc1ccc(C(=O)/C=C/c2ccc(C(=O)N3CCCC3)cc2)c(O)c1,inactive
CHEMBL3813837,14700.0,Nc1nc(NCc2cccc(F)c2)nc2ccccc12,inactive
CHEMBL3814631,14800.0,Nc1nc(NCc2ccc(Br)cc2)c2ccccc2n1,inactive
CHEMBL2436699,14900.0,O=c1cc(-c2ccccc2)oc2cc(OCCCN3CCN(CCCNc4c5c(nc6ccccc46)CCCC5)CC3)ccc12,inactive
CHEMBL3814813,14900.0,CCCNc1nc(N)nc2ccccc12,inactive
CHEMBL3667021,15000.0,CC(C)(C(=O)/C=C/c1ccc(O)c(OC(F)(F)F)c1)C(=O)/C=C/c1ccc(O)c(OC(F)(F)F)c1,inactive
CHEMBL3622510,15000.0,O=C(O)c1c(O)cc2c([nH]c3ccccc32)c1O,inactive
CHEMBL164,15100.0,O=c1c(O)c(-c2cc(O)c(O)c(O)c2)oc2cc(O)cc(O)c12,inactive
CHEMBL4750451,15120.0,O=C(CCCCCN1CCC2c3ccccc3NC2C1)Oc1ccc(/C=C2\CCn3c2nc2ccccc2c3=O)cc1,inactive
CHEMBL4096474,15300.0,CN1CCC(c2c[nH]c3cc(Nc4ccc5[nH]cc(C6CCN(C)CC6)c5c4)ccc23)CC1,inactive
CHEMBL4068105,15380.0,Cn1cc(O)c(=O)cc1/C=C/c1ccc(O)cc1,inactive
CHEMBL4453548,15720.0,CCOC(=O)c1cnc2ccccc2c1N1CCN(CC(=O)Nc2n[nH]c3ncccc23)CC1,inactive
CHEMBL3594077,15800.0,Oc1ccc(-c2cc(-c3c(O)cccc3O)[nH]n2)cc1,inactive
CHEMBL4161552,15890.0,Cc1cc(N2CCN(c3nc(Cl)nc(Nc4ccc(F)cc4)n3)CC2)n2ncnc2n1,inactive
CHEMBL4554693,15900.0,COc1ccc(-c2cc(=O)c3c(O)cc(O)c(-c4c(OC)cc5oc(-c6ccc(O)cc6)cc(=O)c5c4O)c3o2)cc1,inactive
CHEMBL2408104,15900.0,CCCCCCCCCCCCNC(=O)c1ccc(/C=C/C(=O)c2ccc(OC)cc2O)cc1,inactive
CHEMBL4173299,16290.0,Cc1cc(N2CCN(c3nc(Nc4cccc(C(F)(F)F)c4)nc(Nc4ccc(F)c(Cl)c4)n3)CC2)n2ncnc2n1,inactive
CHEMBL2436695,16400.0,O=c1cc(-c2ccccc2)oc2cc(OCCCCN3CCN(CCNc4c5c(nc6ccccc46)CCCC5)CC3)ccc12,inactive
CHEMBL249447,16400.0,O=C(/C=C/c1ccc(O)c(O)c1)O[C@@H]1C[C@](O)(C(=O)O)C[C@@H](OC(=O)/C=C/c2ccc(O)c(O)c2)[C@H]1O,inactive
CHEMBL4070599,16500.0,COc1ccccc1/C=C/c1cc(=O)c(O)c[nH]1,inactive
CHEMBL118193,16700.0,Clc1nc(NCc2ccccc2)c2ccccc2n1,inactive
CHEMBL4640668,16700.0,CC(C)=CCC/C(C)=C/CC/C(C)=C/Cc1c(C)cc(O)c(O)c1O,inactive
CHEMBL165,16800.0,Oc1ccc(/C=C/c2cc(O)cc(O)c2)cc1,inactive
CHEMBL2436693,16800.0,O=c1cc(-c2ccccc2)oc2cc(OCCN3CCN(CCNc4c5c(nc6ccccc46)CCCC5)CC3)ccc12,inactive
CHEMBL3740581,16800.0,CC1=NN(c2cccc(N3CCCC3)c2)C(=O)C1,inactive
CHEMBL4226505,16810.0,N#Cc1ccc(/C=C/C(=O)N2CCN(Cc3ccc(O)c4ncccc34)CC2)cc1,inactive
CHEMBL3814529,17000.0,CNc1cccc(NCCCc2cccc(NCCCc3ccccn3)n2)n1,inactive
CHEMBL3593277,17000.0,CCN1/C(=C/C=C/c2sc3ccc(OCc4no[n+]([O-])c4C(N)=O)cc3[n+]2CC)Sc2ccc(OCc3no[n+]([O-])c3C(N)=O)cc21.O=S(=O)([O-])C(F)(F)F,inactive
CHEMBL4462662,17230.0,CCN(CC)CCCOc1ccc(-n2ccc(=O)c(O)c2C)cc1,inactive
CHEMBL2436700,17300.0,O=c1cc(-c2ccccc2)oc2cc(OCCCCN3CCN(CCCNc4c5c(nc6ccccc46)CCCC5)CC3)ccc12,inactive
CHEMBL4463033,17300.0,COc1cc(O)c2c(=O)cc(-c3ccc(O)cc3)oc2c1-c1c(OC)cc(O)c2c(=O)cc(-c3ccc(O)cc3)oc12,inactive
CHEMBL4228027,17330.0,Cc1ccccc1/C=C/C(=O)N1CCN(Cc2ccc(O)c3ncccc23)CC1,inactive
CHEMBL4436866,17440.0,O=[N+]([O-])c1cccc(C2C=C(c3cccc4ccccc34)Nc3nncn32)c1,inactive
CHEMBL4468824,17500.0,OB1Oc2ccc(O)cc2C=C1c1ccc(O)c(O)c1,inactive
CHEMBL4166865,17600.0,COc1ccc(Nc2nc(Cl)nc(Nc3cccc(C(F)(F)F)c3)n2)cc1,inactive
CHEMBL4282190,17680.0,O=c1cc(/C=C/c2cccc(F)c2)occ1O,inactive
CHEMBL436483,17700.0,O=C(O)C1(c2ccc(-c3ccc(OC4CCC(C(F)(F)F)CC4)cc3)c(F)c2)CC1,inactive
CHEMBL4072261,17800.0,N#Cc1c[nH]c2nc(Nc3ccc4c(C5CCNCC5)c[nH]c4c3)ccc12,inactive
CHEMBL2408102,17800.0,COc1ccc(C(=O)/C=C/c2ccc(C(=O)NC(C)C)cc2)c(O)c1,inactive
CHEMBL4175196,17850.0,Fc1ccc(Nc2nc(Cl)nc(Nc3cccc(C(F)(F)F)c3)n2)c(F)c1,inactive
CHEMBL4444093,17890.0,O=C(CN1CCN(CC(=O)Nc2n[nH]c3ncccc23)CC1)Nc1n[nH]c2ncccc12,inactive
CHEMBL4294830,17950.0,O=c1cc(/C=C/c2cc(O)cc(O)c2)occ1O,inactive
CHEMBL4163412,18050.0,Cc1ccc(Nc2nc(Cl)nc(Nc3ccc(F)c(Cl)c3)n2)cc1,inactive
CHEMBL4226831,18280.0,COc1ccc(CCC(=O)N2CCN(Cc3ccc(O)c4ncccc34)CC2)cc1,inactive
CHEMBL4763981,18300.0,O=C(CCCCCN1CCC2c3ccccc3NC2C1)Nc1ccc(/C=C2\CCn3c2nc2ccccc2c3=O)cc1,inactive
CHEMBL4161947,18310.0,Cc1cc(N2CCN(c3nc(Nc4ccc(F)cc4)nc(Nc4cccc(C(F)(F)F)c4)n3)CC2)n2ncnc2n1,inactive
CHEMBL2402063,18350.0,COc1cc(/C=C/c2ccc(NCc3cc(NC(C)C)ccc3O)cc2)cc(OC)c1,inactive
CHEMBL2408097,18500.0,COc1ccc(C(=O)/C=C/c2ccc(C(=O)O)cc2)c(O)c1,inactive
CHEMBL4170265,18550.0,Fc1ccc(Nc2nc(Cl)nc(Nc3cccc(C(F)(F)F)c3)n2)cc1,inactive
CHEMBL2408106,18900.0,COc1ccc(C(=O)/C=C/c2ccc(C(=O)NCc3ccccc3)cc2)c(O)c1,inactive
CHEMBL4226059,18940.0,COc1ccc(/C=C/C(=O)N2CCN(Cc3ccc(O)c4ncccc34)CC2)cc1OC,inactive
CHEMBL4059796,18970.0,O=c1cc(/C=C/c2cccc(F)c2)[nH]cc1O,inactive
CHEMBL2408105,19100.0,COc1ccc(C(=O)/C=C/c2ccc(C(=O)NCCc3ccccc3)cc2)c(O)c1,inactive
CHEMBL2408094,19100.0,CCOCCOc1ccc(/C=C/C(=O)c2ccc(OC)cc2O)cc1,inactive
CHEMBL4077009,19440.0,Cn1cc(O)c(=O)cc1/C=C/c1cccc(F)c1,inactive
CHEMBL3741909,19500.0,CC1=NN(c2ccc(-c3ccccc3)cc2)C(=O)C1,inactive
CHEMBL3741747,19600.0,CC1=NN(c2ccc(-n3c(-c4ccccc4)cc4ccccc43)cc2)C(=O)C1,inactive
CHEMBL129795,19700.0,O=C(/C=C/c1ccc(O)cc1)c1ccc(O)cc1O,inactive
CHEMBL4755968,19710.0,O=C(CCN1CCC2c3ccccc3NC2C1)Oc1ccc(/C=C2\CCn3c2nc2ccccc2c3=O)cc1,inactive
CHEMBL4225986,19740.0,O=C(CCc1ccccc1)N1CCN(Cc2ccc(O)c3ncccc23)CC1,inactive
CHEMBL2408103,19900.0,CCCNC(=O)c1ccc(/C=C/C(=O)c2ccc(OC)cc2O)cc1,inactive
CHEMBL4641877,19900.0,CC(C)=CCC/C(C)=C/CC/C(C)=C/Cc1c(C)cc(O)cc1O,inactive
CHEMBL248339,20000.0,COc1cc(/C=C/c2cccc(/C=C/c3ccc(N4CCCC4)c(OC)c3)c2)ccc1N1CCCC1,inactive
CHEMBL194020,20000.0,CC(C(=O)OC(C)(C)C)c1ccc(-c2cc(Cl)cc(Cl)c2)c(F)c1,inactive
CHEMBL4799871,20000.0,O=C(NO)c1ccc(Nc2c3c(nc4ccccc24)CCCC3)cc1,inactive
CHEMBL245478,20000.0,CN(C)c1ccc(/C=C/c2cc(Br)cc(/C=C/c3ccc(N(C)C)cc3)c2)cc1,inactive
CHEMBL425031,20000.0,CCCN(CCC)C(=O)c1cccc(C(=O)N[C@@H](CC(C)C)[C@@H](O)C[C@@H](C)C(=O)Nc2ccc(F)cc2)c1,inactive
CHEMBL98,20000.0,O=C(CCCCCCC(=O)Nc1ccccc1)NO,inactive
CHEMBL4757035,20000.0,O=C(NO)c1ccc(Nc2c3ccccc3nc3ccc(F)cc23)cc1,inactive
CHEMBL3692698,20000.0,O=C(CCOc1ccc(F)cc1)Nc1ccc2c(c1)C[C@H]1CC[C@@H](C2)[C@H]1NS(=O)(=O)c1ccc(Cl)s1,inactive
CHEMBL4752558,20000.0,O=C(NO)c1ccc(Nc2ccnc3ccccc23)cc1,inactive
CHEMBL245479,20000.0,CN(C)c1ccc(/C=C/c2cc(I)cc(/C=C/c3ccc(N(C)C)cc3)c2)cc1,inactive
CHEMBL245476,20000.0,COc1ccc(/C=C/c2cc(Br)cc(/C=C/c3ccc(OC)c(OC)c3)c2)cc1OC,inactive
CHEMBL245477,20000.0,CN(C)c1ccc(/C=C/c2cccc(/C=C/c3ccc(N(C)C)cc3)c2)cc1,inactive
CHEMBL374055,20100.0,COc1ccc(-c2cc(=O)c3c(O)cc(OC)c(-c4cc(-c5cc(=O)c6c(O)cc(O)cc6o5)ccc4O)c3o2)cc1,inactive
CHEMBL2408261,20100.0,COc1ccc(C(=O)/C=C/c2ccc(C(=O)N(C)c3ccccc3)cc2)c(O)c1,inactive
CHEMBL116438,20300.0,COc1cc(/C=C/C(=O)/C=C(O)/C=C/c2ccc(O)c(OC)c2)ccc1O,inactive
CHEMBL513978,20300.0,CC(C)=CCC/C(C)=C/CC/C(C)=C/Cc1c(O)cc(C)c(C(=O)O)c1O,inactive
CHEMBL3814429,20600.0,COc1cccc(CNc2nc(N)nc3ccccc23)c1,inactive
CHEMBL4225989,20610.0,O=C(CCc1ccc(F)cc1)N1CCN(Cc2ccc(O)c3ncccc23)CC1,inactive
CHEMBL4162346,20720.0,Cc1ccc(Nc2nc(Cl)nc(Nc3cccc(C(F)(F)F)c3)n2)cc1,inactive
CHEMBL3814349,21000.0,Nc1nc(NCc2cccc(C(F)(F)F)c2)c2ccccc2n1,inactive
CHEMBL2381403,21000.0,COc1ccc2cc(C(=O)CN3CCN(c4ccccc4)CC3)c(=O)oc2c1,inactive
CHEMBL3589107,21300.0,COc1cc2oc(-c3ccc(O)cc3)cc(=O)c2c(O)c1-c1cc(-c2cc(=O)c3c(O)cc(O)cc3o2)ccc1O,inactive
CHEMBL4466197,21700.0,OB1Oc2cc(O)ccc2C=C1c1cc(O)cc(O)c1,inactive
CHEMBL4095488,21760.0,O=c1cc(/C=C/c2ccccc2O)[nH]cc1O,inactive
CHEMBL3814270,22300.0,Nc1nc(NCc2cccc(Br)c2)c2ccccc2n1,inactive
CHEMBL3813859,22500.0,Cc1ccc(CNc2nc(N)c3ccccc3n2)cc1,inactive
CHEMBL140,22510.0,COc1cc(/C=C/C(=O)CC(=O)/C=C/c2ccc(O)c(OC)c2)ccc1O,inactive
CHEMBL4225226,22550.0,O=C(/C=C/c1ccc(Cl)cc1)N1CCN(Cc2ccc(O)c3ncccc23)CC1,inactive
CHEMBL4126558,22700.0,O=C(/C=C/c1ccccc1)N[C@@H](Cc1ccc(O)c(O)c1)C(=O)O,inactive
CHEMBL4074429,23390.0,CCOc1ccc(/C=C/c2cc(=O)c(O)c[nH]2)cc1,inactive
CHEMBL4167322,23540.0,FC(F)(F)c1cccc(Nc2nc(NC3CC3)nc(N3CCNCC3)n2)c1,inactive
CHEMBL2408096,23800.0,COC(=O)c1ccc(/C=C/C(=O)c2ccc(OC)cc2O)cc1,inactive
CHEMBL4174114,23800.0,COc1ccc(Nc2nc(Cl)nc(Nc3ccc(F)c(Cl)c3)n2)cc1,inactive
CHEMBL4069995,23800.0,c1cc2ncc(Nc3ccc4cc[nH]c4n3)cc2[nH]1,inactive
CHEMBL4104620,24000.0,FC(F)(F)c1ccc(Nc2ccc3c(C4CCNCC4)c[nH]c3c2)cn1,inactive
CHEMBL4088780,24000.0,Fc1ccc(Nc2ccc3c(C4CCNCC4)c[nH]c3c2)cc1F,inactive
CHEMBL3235503,24200.0,c1ccc2c(NCCSSCCNc3c4c(nc5ccccc35)CCCC4)c3c(nc2c1)CCCC3,inactive
CHEMBL3326709,24200.0,O=C(NCCCCCCNc1c2c(nc3ccccc13)CCCC2)c1cc2cc(OC(F)(F)F)ccc2oc1=O,inactive
CHEMBL1171643,24700.0,CC(C)=CCC/C(C)=C/CC[C@@]1(C)C=Cc2c(cc(C)c(C(=O)O)c2O)O1,inactive
CHEMBL3814748,25000.0,Nc1nc(NCc2cccc(F)c2)c2ccccc2n1,inactive
CHEMBL3815078,25000.0,Nc1nc(NCc2ccccc2)c2ccccc2n1,inactive
CHEMBL3814660,25000.0,Nc1nc(NCc2ccc(C(F)(F)F)cc2)c2ccccc2n1,inactive
CHEMBL3814363,25000.0,Cc1cccc(CNc2nc(N)nc3ccccc23)c1,inactive
CHEMBL3814123,25000.0,Nc1nc(NCCc2ccccc2)c2ccccc2n1,inactive
CHEMBL3814909,25000.0,COc1ccc(CNc2nc(N)c3ccccc3n2)cc1,inactive
CHEMBL3815140,25000.0,CC(C)Nc1nc(N)c2ccccc2n1,inactive
CHEMBL3815002,25000.0,Nc1nc(NCC2CCCCC2)c2ccccc2n1,inactive
CHEMBL4084675,25000.0,COc1ccc(Nc2ccc3c(C4CCN(C)CC4)c[nH]c3c2)cc1OC,inactive
CHEMBL3814103,25000.0,Cc1cccc(CNc2nc(N)c3ccccc3n2)c1,inactive
CHEMBL3813971,25000.0,Cc1ccc(CNc2nc(N)nc3ccccc23)cc1,inactive
CHEMBL3813788,25000.0,COc1ccc(CNc2nc(N)nc3ccccc23)cc1,inactive
CHEMBL3357256,25000.0,Nc1nc(NCc2ccc(F)cc2)c2ccccc2n1,inactive
CHEMBL3814189,25000.0,Nc1nc(NCc2ccc(F)cc2)nc2ccccc12,inactive
CHEMBL3814383,25000.0,Nc1nc(NCc2cccc(Cl)c2)c2ccccc2n1,inactive
CHEMBL3814397,25000.0,Nc1nc(NCC2CCCCC2)nc2ccccc12,inactive
CHEMBL3814324,25000.0,COc1cccc(CNc2nc(N)c3ccccc3n2)c1,inactive
CHEMBL3814610,25000.0,Nc1nc(NCCc2ccccc2)nc2ccccc12,inactive
CHEMBL3814981,25000.0,CCCNc1nc(N)c2ccccc2n1,inactive
CHEMBL3813811,25000.0,Nc1nc(NCc2ccc(Cl)cc2)c2ccccc2n1,inactive
CHEMBL4169871,25000.0,Cc1ccc(Nc2nc(Nc3ccc(F)c(Cl)c3)nc(N3CCN(c4cc(C)nc5ncnn45)CC3)n2)cc1,inactive
CHEMBL3814719,25000.0,CNc1cccc(NCCc2cccc(NCCc3ccccn3)n2)n1,inactive
CHEMBL4104210,25600.0,c1cc2c(C3CCNCC3)c[nH]c2cc1Nc1ccc2c(C3CCNCC3)c[nH]c2n1,inactive
CHEMBL3593276,26000.0,CCN1/C(=C/C=C/c2sc3ccc(OCCCO[N+](=O)[O-])cc3[n+]2CC)Sc2ccc(OCCCO[N+](=O)[O-])cc21.O=S(=O)([O-])C(F)(F)F,inactive
CHEMBL3593280,26000.0,CCN1/C(=C/C=C/c2sc3ccccc3[n+]2CC)Sc2ccc(OCc3no[n+]([O-])c3C(N)=O)cc21.[I-],inactive
CHEMBL3741643,26000.0,CC1=NN(c2ccc(-n3cccc3)cc2)C(=O)C1,inactive
CHEMBL4066527,26600.0,c1cc2c(C3CCNCC3)c[nH]c2cc1Nc1ccc2[nH]cc(C3CCNCC3)c2c1,inactive
CHEMBL3741680,27000.0,CC1=NN(c2cccc(COCc3ccccc3)c2)C(=O)C1,inactive
CHEMBL3582127,28000.0,C[C@]1(O)c2ccc3c(c2C(=O)c2occ(CCCO)c21)CCC3=O,inactive
CHEMBL858,28400.0,O=C(O)CN(CCN(CC(=O)O)CC(=O)O)CC(=O)O,inactive
CHEMBL2381402,29000.0,COc1ccc2cc(C(=O)CN3CCC(c4ccccc4)CC3)c(=O)oc2c1,inactive
CHEMBL3781419,29000.0,Cc1ccc(-c2cc(NCCNc3cc(-c4cccs4)[nH]n3)n[nH]2)cc1,inactive
CHEMBL2381385,29000.0,COc1ccc2cc(C(=O)CN3CCOCC3)c(=O)oc2c1,inactive
CHEMBL4092433,29220.0,CN(C)c1ccc(/C=C/c2cc(=O)c(O)c[nH]2)cc1,inactive
CHEMBL4646459,29300.0,COc1c(O)c(O)cc(C)c1C/C=C(\C)CC/C=C(\C)CCC=C(C)C,inactive
CHEMBL4098927,30000.0,Fc1ccc(Nc2ccc3c(C4CCNCC4)c[nH]c3n2)cc1F,inactive
CHEMBL515387,30000.0,O=C([C@@H]1C[C@H](N2CCN(c3ncccn3)CC2)CN1)N1CCC(F)(F)C1,inactive
CHEMBL723,30000.0,COc1ccccc1OCCNCC(O)COc1cccc2[nH]c3ccccc3c12,inactive
CHEMBL2063874,30000.0,Cc1ccc(NS(=O)(=O)c2ccc(Cl)cc2)c(N)c1,inactive
CHEMBL28626,30300.0,O=c1c(O)c(-c2ccc(O)cc2O)oc2cc(O)cc(O)c12,inactive
CHEMBL4545404,32800.0,COc1cc2oc(-c3ccc(O)cc3)cc(=O)c2c(O)c1-c1c(OC)cc(O)c2c(=O)cc(-c3ccc(O)cc3)oc12,inactive
CHEMBL145,32800.0,O=C(O)/C=C/c1ccc(O)c(O)c1,inactive
CHEMBL66,33000.0,O=C1c2c(O)cc(O)cc2O[C@H](c2ccc(O)c(O)c2)[C@H]1O,inactive
CHEMBL3582128,34300.0,C[C@]1(O)c2ccc3c(c2C(=O)c2occ(CCO)c21)CCC3=O,inactive
CHEMBL4750838,34900.0,COc1ccc2nc3cc(Cl)ccc3c(Nc3ccc(C(=O)NO)cc3)c2n1,inactive
CHEMBL197202,35000.0,CC(C(=O)O)c1ccc(-c2ccc(-c3ccc(O)cc3)cc2)c(F)c1,inactive
CHEMBL3815004,35000.0,CNc1cccc(CCNc2cccc(NCCc3ccccn3)n2)n1,inactive
CHEMBL2381401,36000.0,COc1ccc2cc(C(=O)CN3CCN(Cc4ccccc4)CC3)c(=O)oc2c1,inactive
CHEMBL2381386,36000.0,COc1ccc2cc(C(=O)CN3CCC(Cc4ccccc4)CC3)c(=O)oc2c1,inactive
CHEMBL3781026,40500.0,Fc1ccc(-c2cc(NCCNc3cc(-c4ccc(F)cc4)[nH]n3)n[nH]2)cc1,inactive
CHEMBL380778,41000.0,CC(C(=O)O)c1ccc(-c2ccc(OC3CCCCC3)cc2)c(F)c1,inactive
CHEMBL196945,41000.0,O=C(O)C1(c2ccc(-c3ccc(Cl)c(Cl)c3)c(F)c2)CC1,inactive
CHEMBL4101130,42000.0,Cn1cc(C2CCNCC2)c2ccc(Nc3ccc(F)c(F)c3)cc21,inactive
CHEMBL3582133,43500.0,C[C@]12CC[C@H](O)c3coc(c31)C(=O)C1=C2C[C@@H](O)[C@]2(C)C(=O)CC[C@@H]12,inactive
CHEMBL4217978,43600.0,COc1cc(/C=C/C(=O)Oc2cc(O)c3c(c2)O[C@H](c2ccc4c(c2)O[C@@H](c2ccc(O)c(OC)c2)[C@H](CO)O4)[C@@H](O)C3=O)ccc1O,inactive
CHEMBL573,43700.0,O=C(O)c1cccnc1,inactive
CHEMBL4439214,44520.0,CCOc1cc(CNc2ccccc2)ccc1Oc1ccnc2cc(Cl)ccc12,inactive
CHEMBL194823,45000.0,O=C(CCCCC1CCSS1)NCCCNc1c2c(nc3cc(Cl)ccc13)CCCC2,inactive
CHEMBL4513568,45600.0,COc1ccc(-c2cc(=O)c3c(O)cc(OC)c(-c4c(OC)cc(O)c5c(=O)cc(-c6ccc(O)cc6)oc45)c3o2)cc1,inactive
CHEMBL264006,46000.0,CC(C(=O)O)c1ccc(-c2ccc(C3CCCCC3)cc2)c(F)c1,inactive
CHEMBL4568384,46420.0,CCOc1cc(CNc2ccc(OC)cc2)ccc1Oc1ccnc2cc(Cl)ccc12,inactive
CHEMBL4063009,48000.0,CN1CCC(c2c[nH]c3cc(Nc4ccc(F)c(F)c4)ccc23)CC1,inactive
CHEMBL3740979,50000.0,CC1=NN(c2cc(C)ccc2C)C(=O)C1,inactive
CHEMBL4536141,50000.0,COc1ccc(-c2cc(=O)c3c(O)cc(OC)c(-c4c(OC)cc5oc(-c6ccc(O)cc6)cc(=O)c5c4O)c3o2)cc1,inactive
CHEMBL208988,50000.0,COc1ccc(-c2cc(=O)c3c(O)cc(O)cc3o2)cc1-c1c(OC)cc(O)c2c(=O)cc(-c3ccc(O)cc3)oc12,inactive
CHEMBL3589106,50000.0,COc1ccc(-c2cc(=O)c3c(O)cc(OC)c(-c4c(OC)cc(O)c5c(=O)cc(-c6ccc(OC)cc6)oc45)c3o2)cc1,inactive
CHEMBL453479,50000.0,COc1ccc(-c2cc(=O)c3c(O)cc(OC)c(-c4cc(-c5cc(=O)c6c(O)cc(O)cc6o5)ccc4OC)c3o2)cc1,inactive
CHEMBL3739861,50000.0,CC1=NN(c2ccc(N(c3ccccc3)c3ccccc3)cc2)C(=O)C1,inactive
CHEMBL208908,50000.0,COc1ccc(-c2cc(=O)c3c(O)cc(O)c(-c4cc(-c5cc(=O)c6c(O)cc(OC)cc6o5)ccc4OC)c3o2)cc1,inactive
CHEMBL3742036,50000.0,COc1cc(N2N=C(C)CC2=O)nc(OC)n1,inactive
CHEMBL3739947,50000.0,COc1cc(F)cc(N2N=C(C)CC2=O)c1,inactive
CHEMBL451902,50000.0,COc1ccc(-c2cc(=O)c3c(O)cc(O)cc3o2)cc1-c1c(O)cc2oc(-c3ccc(O)cc3)cc(=O)c2c1O,inactive
CHEMBL3740157,50000.0,CC1=NN(c2ccc(C)cc2)C(=O)C1,inactive
CHEMBL3589108,50000.0,COc1cc2oc(-c3ccc(O)cc3)cc(=O)c2c(O)c1Oc1ccc(-c2cc(=O)c3c(O)cc(O)cc3o2)cc1,inactive
CHEMBL378516,50000.0,COc1ccc(-c2cc(=O)c3c(O)cc(OC)c(-c4cc(-c5cc(=O)c6c(O)cc(OC)cc6o5)ccc4OC)c3o2)cc1,inactive
CHEMBL1880288,50000.0,CC1=NN(c2ccccc2C)C(=O)C1,inactive
CHEMBL2425959,50000.0,Cc1nc2cc(/C=C/C(=O)NO)ccc2c(=O)n1CCc1c[nH]c2ccccc12,inactive
CHEMBL2425960,50000.0,O=C(/C=C/c1ccc2c(=O)n(CCc3ccccc3)cnc2c1)NO,inactive
CHEMBL208578,50000.0,COc1cc(O)c2c(=O)cc(-c3ccc(OC)c(-c4c(OC)cc(O)c5c(=O)cc(-c6ccc(O)cc6)oc45)c3)oc2c1,inactive
CHEMBL3742186,50000.0,CC1=NN(c2cc(F)ccc2C)C(=O)C1,inactive
CHEMBL3741408,50000.0,CC1=NN(c2ccc(C)c(F)c2)C(=O)C1,inactive
CHEMBL3742311,50000.0,CC1=NN(c2cccc(C)c2)C(=O)C1,inactive
CHEMBL2425957,50000.0,Cc1nc2cc(/C=C/C(=O)NO)ccc2c(=O)n1Cc1ccccc1,inactive
CHEMBL2425955,50000.0,Cc1nc2cc(/C=C/C(=O)NO)ccc2c(=O)n1-c1ccccc1,inactive
CHEMBL450522,50000.0,COc1cc(O)c2c(=O)cc(-c3ccc(O)cc3)oc2c1-c1cc(-c2cc(=O)c3c(O)cc(O)cc3o2)ccc1O,inactive
CHEMBL4589690,50000.0,COc1ccc(-c2cc(=O)c3c(O)c(Oc4ccc(-c5cc(=O)c6c(O)cc(O)cc6o5)cc4)c(O)cc3o2)cc1,inactive
CHEMBL3739456,50000.0,CC1=NN(c2ccc3ccccc3c2)C(=O)C1,inactive
CHEMBL290916,50000.0,CC1=NN(c2ccccc2)C(=O)C1,inactive
CHEMBL2425958,50000.0,Cc1nc2cc(/C=C/C(=O)NO)ccc2c(=O)n1CCc1ccccc1,inactive
CHEMBL4522982,50000.0,COc1ccc(-c2cc(=O)c3c(O)c(Oc4ccc(-c5cc(=O)c6c(O)cc(O)cc6o5)cc4)c(OC)cc3o2)cc1,inactive
CHEMBL2425953,50000.0,Cc1nc2cccc(/C=C/C(=O)NO)c2c(=O)n1-c1ccccc1,inactive
CHEMBL3740667,50000.0,CC1=NN(c2cccnc2)C(=O)C1,inactive
CHEMBL1208904,50000.0,COc1ccc(-c2cc(=O)c3c(O)cc(OC)c(-c4cc(-c5cc(=O)c6c(O)cc(OC)cc6o5)ccc4O)c3o2)cc1,inactive
CHEMBL3740346,50000.0,CC1=NN(c2ccc(C(F)(F)F)cc2)C(=O)C1,inactive
CHEMBL2425961,50000.0,CCc1nc2cc(/C=C/C(=O)NO)ccc2c(=O)n1CCc1ccccc1,inactive
CHEMBL2425954,50000.0,Cc1nc2ccc(/C=C/C(=O)NO)cc2c(=O)n1-c1ccccc1,inactive
CHEMBL2425956,50000.0,Cc1nc2c(/C=C/C(=O)NO)cccc2c(=O)n1-c1ccccc1,inactive
CHEMBL3740705,50000.0,COc1cccc(N2N=C(C)CC2=O)c1,inactive
CHEMBL3740761,50000.0,CCc1ccccc1N1N=C(C)CC1=O,inactive
CHEMBL3099500,51000.0,CN(CCCCNc1c2c(nc3c(NC(=O)CNC(=O)CC[C@H](NC(=O)CNC(=O)OCc4ccccc4)C(=O)N[C@@H](Cc4ccccc4)C(=O)OCc4ccccc4)cccc13)CCCC2)CCCNc1c2c(nc3ccccc13)CCCC2,inactive
CHEMBL503168,55400.0,O=c1c(O)c(-c2ccccc2O)oc2cc(O)cc(O)c12,inactive
CHEMBL427548,57900.0,O=C(O)C1(c2ccc(-c3ccc(-c4ccc(F)cc4)c(F)c3)c(F)c2)CC1,inactive
CHEMBL2063873,62000.0,Cc1ccc(NS(=O)(=O)c2ccc(Cl)cc2)c(/N=C/c2cc(Cl)cc(Cl)c2O)c1,inactive
CHEMBL2012313,62700.0,CCCCCCCCCCCCCCC[C@@H](O)C(=O)N[C@@H](CO[C@@H]1O[C@H](CO)[C@@H](O)[C@H](O)[C@H]1O)[C@H](O)/C=C/CC/C=C(\C)CCCCCCCCC,inactive
CHEMBL193900,64000.0,CC(C(N)=O)c1ccc(-c2cc(Cl)cc(Cl)c2)c(F)c1,inactive
CHEMBL3883958,66360.0,OC[C@@H]1Cc2c([nH]c3ccccc23)CN1Cc1cn(C[C@@H]2Cc3c([nH]c4ccccc34)CN2)nn1,inactive
CHEMBL196321,67000.0,COc1ccc(-c2ccc(C(C)C(=O)O)cc2F)cc1,inactive
CHEMBL4645437,68000.0,CC(C)=CCC/C(C)=C/CCC1(C)C=Cc2c(O)cc(C)cc2O1,inactive
CHEMBL194692,70600.0,CC(C)(C(=O)O)c1ccc(-c2ccc(C(F)(F)F)cc2)c(F)c1,inactive
CHEMBL3582129,71900.0,C[C@@]1(O)c2ccc3c(c2C(=O)c2occ([C@@H](O)CCO)c21)CCC3=O,inactive
CHEMBL324842,71900.0,O=C(/C=C/c1ccc(O)c(O)c1)O[C@H](Cc1ccc(O)c(O)c1)C(=O)O,inactive
CHEMBL2392127,72900.0,O=C(/C=C/c1ccc(O)c(O)c1)N[C@@H](Cc1ccccc1)C(=O)O,inactive
CHEMBL196279,75000.0,CC(C(=O)O)c1ccc(-c2ccc(Cl)c(Cl)c2)c(F)c1,inactive
CHEMBL150,75100.0,O=c1c(O)c(-c2ccc(O)cc2)oc2cc(O)cc(O)c12,inactive
CHEMBL382721,81000.0,O=C(O)C1(c2ccc(-c3ccc(OC4CCOCC4)cc3)c(F)c2)CC1,inactive
CHEMBL194274,83000.0,CC(C(=O)O)c1ccc(-c2csc3ccccc23)c(F)c1,inactive
CHEMBL3692699,84000.0,O=C(/C=C/c1ccc(F)cc1)Nc1ccc2c(c1)C[C@H]1CC[C@@H](C2)[C@H]1NS(=O)(=O)c1ccc(Cl)s1,inactive
CHEMBL4207221,85500.0,COc1cc(/C=C/C(=O)Oc2cc(O)c3c(c2)O[C@H](c2ccc4c(c2)O[C@H](c2ccc(O)c(OC)c2)[C@@H](CO)O4)[C@@H](O)C3=O)ccc1O,inactive
CHEMBL4126715,87800.0,O=C(/C=C/c1ccc(O)c(O)c1)N[C@@H](Cc1ccc(O)cc1)C(=O)O,inactive
CHEMBL284616,92900.0,O=C(/C=C/c1ccc(O)c(O)c1)O[C@@H]1C[C@](O)(C(=O)O)C[C@@H](O)[C@H]1O,inactive
CHEMBL195970,94000.0,CC(C(=O)O)c1ccc(-c2cc(Cl)cc(Cl)c2)c(F)c1,inactive
CHEMBL3582126,95900.0,C[C@]1(O)c2ccc3c(c2C(=O)c2occ([C@@H](O)CCO)c21)CCC3=O,inactive
CHEMBL196946,96300.0,O=C(O)C1(c2ccc(-c3csc4ccccc34)c(F)c2)CC1,inactive
CHEMBL3326704,100000.0,O=C(NCCCCCCNc1c2c(nc3ccccc13)CCCC2)c1cc2ccccc2oc1=O,inactive
CHEMBL3276007,100000.0,O=C(/C=C/c1ccccc1)N[C@@H](Cc1ccccc1)C(=O)O,inactive
CHEMBL4127947,100000.0,O=C(/C=C/c1ccc(O)cc1)N[C@@H](Cc1ccc(O)c(O)c1)C(=O)O,inactive
CHEMBL297453,100000.0,O=C(O[C@@H]1Cc2c(O)cc(O)cc2O[C@@H]1c1cc(O)c(O)c(O)c1)c1cc(O)c(O)c(O)c1,inactive
CHEMBL4126073,100000.0,COC(=O)[C@H](Cc1ccc(OC)c(OC)c1)NC(=O)/C=C/c1ccc(OC)c(OC)c1,inactive
CHEMBL2386881,100000.0,CCCCCC(=O)O[C@H]1CC[C@@]2(C)C(=CC[C@@H]3[C@@H]4C[C@@H]5O[C@]6(CC[C@@H](C)CO6)[C@@H](C)[C@@H]5[C@@]4(C)CC[C@@H]32)C1,inactive
CHEMBL149082,100000.0,NCCCS(=O)(=O)O,inactive
CHEMBL4125745,100000.0,O=C(/C=C/c1ccccc1)N[C@@H](Cc1ccc(O)cc1)C(=O)O,inactive
CHEMBL465398,100000.0,O=C(O)[C@]1(O)C[C@@H](O)[C@@H](O)[C@H](O)C1,inactive
CHEMBL468154,100000.0,O[C@H]1[C@H](O)[C@@H](O)[C@H](O)[C@@H](O)[C@@H]1O,inactive
CHEMBL3326698,100000.0,O=C(NCCCCCNc1c2c(nc3ccccc13)CCCC2)c1cc2ccccc2oc1=O,inactive
CHEMBL1171146,100000.0,C[C@H]1CC[C@@]2(OC1)O[C@H]1C[C@H]3[C@@H]4CC[C@@H]5C[C@@H](O)CC[C@]5(C)[C@H]4CC[C@]3(C)[C@H]1[C@@H]2C,inactive
CHEMBL4129983,100000.0,O=C(/C=C/c1ccc(O)cc1)N[C@@H](Cc1ccc(O)cc1)C(=O)O,inactive
CHEMBL32749,100000.0,COc1cc(/C=C/C(=O)O)ccc1O,inactive
CHEMBL98521,100000.0,O=C(O)/C=C/c1cccc(O)c1,inactive
CHEMBL4129190,100000.0,O=C(/C=C/c1ccc(O)cc1)N[C@@H](Cc1ccccc1)C(=O)O,inactive
CHEMBL416955,100000.0,COC(=O)[C@]1(O)C[C@@H](O)[C@@H](O)[C@H](OC(=O)/C=C/c2ccc(O)c(O)c2)C1,inactive
CHEMBL27246,100000.0,O=C(O)/C=C/c1ccccc1,inactive
CHEMBL2386874,100000.0,CN(C)c1cccc(Oc2cnc(Nc3cccc(O)c3)nc2)c1,inactive
CHEMBL497,100000.0,Oc1c(I)cc(Cl)c2cccnc12,inactive
CHEMBL372751,101000.0,CC1(C)CCC(c2ccc(-c3ccc(C4(C(=O)O)CC4)cc3F)cc2)CC1,inactive
CHEMBL372846,111000.0,O=C(O)C1(c2ccc(-c3ccc(-c4ccc(O)cc4)c(F)c3)c(F)c2)CC1,inactive
CHEMBL196246,111000.0,O=C(O)C1(c2ccc(-c3ccc(C(F)(F)F)cc3)c(F)c2)CC1,inactive
CHEMBL196070,114000.0,CC(c1ccc(-c2ccc(C(F)(F)F)cc2)c(F)c1)c1nnn[nH]1,inactive
CHEMBL50,124600.0,O=c1c(O)c(-c2ccc(O)c(O)c2)oc2cc(O)cc(O)c12,inactive
CHEMBL193971,129000.0,CC(C(=O)O)c1ccc(-c2ccc(C(F)(F)F)cc2)c(F)c1,inactive
CHEMBL487804,148800.0,CC(C)=CCC/C(C)=C/CC/C(C)=C/Cc1c(O)cc(C)cc1O,inactive
CHEMBL4644047,150800.0,CC(C)=CC(=O)C/C(C)=C/CC/C(C)=C/Cc1c(O)cc(C)c(C(=O)O)c1O,inactive
CHEMBL28,176200.0,O=c1cc(-c2ccc(O)cc2)oc2cc(O)cc(O)c12,inactive
CHEMBL3740688,186600.0,CN1C(=O)[C@@]23CCC(=O)N2C[C@@]12C[C@@]1(C(=O)Nc4c1ccc1c4C=CC(C)(C)O1)C(C)(C)[C@@H]2C3,inactive
CHEMBL3692700,200000.0,O=C(/C=C/c1ccc(C(F)(F)F)cc1)Nc1ccc2c(c1)C[C@H]1CC[C@@H](C2)[C@H]1NS(=O)(=O)c1ccc(Cl)s1,inactive
CHEMBL3741300,203700.0,C[C@H]1CN2C[C@]34C[C@@]5(C(=O)Nc6c5ccc5c6C=CC(C)(C)O5)C(C)(C)[C@@H]3C[C@@]2(C1)C(=O)N4C,inactive
CHEMBL196322,210000.0,CC(C(=O)O)c1ccc(-c2ccc3c(c2)OCO3)c(F)c1,inactive
CHEMBL4643713,221000.0,COC(=O)c1c(C)cc(O)c(C/C=C(\C)CC/C=C(\C)CCC=C(C)C)c1O,inactive
CHEMBL3813916,240000.0,CNc1cccc(CCNc2cccc(CCN(c3ccccn3)c3ccccn3)n2)n1,inactive
CHEMBL3740785,244300.0,C[C@@H]1C[C@@]23C[C@H]4C(C)(C)[C@@]5(C[C@]4(CN2C1=O)NC3=O)C(=O)Nc1c5ccc2c1C=CC(C)(C)O2,inactive
CHEMBL3739748,269500.0,C[C@H]1CN2C[C@]34C[C@@]5(C(=O)Nc6c5ccc5c6OC=CC(C)(C)O5)C(C)(C)[C@@H]3C[C@@]2(C1)C(=O)N4C,inactive
CHEMBL3814563,280000.0,CNc1cccc(CCNc2cccc(CCNc3ccccn3)n2)n1,inactive
CHEMBL190083,280000.0,C[C@@H](C(=O)O)c1ccc(-c2ccccc2)c(F)c1,inactive
CHEMBL3742121,300000.0,C[C@@H]1C[C@@]23C[C@H]4C(C)(C)[C@@]5(C[C@]4(CN2C1=O)N(C)C3=O)C(=O)Nc1c5ccc2c1C=CC(C)(C)O2,inactive
CHEMBL469159,300000.0,CC1(C)C=Cc2cc(C(=O)O)ccc2O1,inactive
CHEMBL3741529,300000.0,C[C@@H]1C[C@@]23C[C@H]4C(C)(C)[C@@]5(C[C@]4(CN2C1=O)N(C)C3=O)C(=O)Nc1cc2c(cc15)OC(C)(C)C=CO2,inactive
CHEMBL3741682,300000.0,C[C@@H]1C[C@@]23C[C@H]4C(C)(C)[C@@]5(C[C@]4(CN2C1=O)NC3=O)C(=O)Nc1c5ccc2c1OC=CC(C)(C)O2,inactive
CHEMBL3739499,300000.0,CC1=CC[C@@H]2[C@@]3(C)C=CC(=O)OC(C)(C)[C@@H]3CC[C@@]2(C)[C@]12Cc1c(c(C)c(C)oc1=O)O2,inactive
CHEMBL3742151,300000.0,CC(=O)O[C@H]1CC(=O)OC(C)(C)[C@@H]2CC[C@]3(C)[C@H](CC=C(C)[C@@]34C[C@]3(OC(C)=C(C)C3=O)C(=O)O4)[C@@]12C,inactive
CHEMBL6246,300000.0,O=c1oc2c(O)c(O)cc3c(=O)oc4c(O)c(O)cc1c4c23,inactive
CHEMBL3741111,300000.0,CC1=CC[C@@H]2[C@@]3(C)[C@@H](O)CC(=O)OC(C)(C)[C@@H]3CC[C@@]2(C)[C@]12Cc1c(c(C)c(C)oc1=O)O2,inactive
CHEMBL563,305000.0,CC(C(=O)O)c1ccc(-c2ccccc2)c(F)c1,inactive
CHEMBL196947,409000.0,O=C(O)C1(c2ccc(-c3ccc(-c4ccc(O)cc4)cc3)c(F)c2)CC1,inactive
CHEMBL309490,500000.0,O=c1c(O)c(-c2ccccc2)oc2cc(O)cc(O)c12,inactive
CHEMBL9323,500000.0,O=C1c2c(O)cc(O)cc2O[C@H](c2ccc(O)cc2)[C@H]1O,inactive
CHEMBL3692697,630000.0,O=C(CCc1cc(C(F)(F)F)ccc1C(F)(F)F)Nc1ccc2c(c1)C[C@H]1CC[C@@H](C2)[C@H]1NS(=O)(=O)c1ccc(Cl)s1,inactive
CHEMBL3692701,800000.0,CN1C(=O)[C@@H](NCC(=O)Nc2ccc3c(c2)C[C@H]2CC[C@@H](C3)[C@H]2NS(=O)(=O)c2ccc(Cl)s2)N=C(c2ccccc2)c2ccccc21,inactive
